is_right_corner,time_ratio,score_differential,is_home_team,inswinging,taker_accuracy,taker_key_pass_ratio,team_directness,team_width,opp_gk_save_ratio,opp_def_rate,under_pressure,corner_cluster_density,aerial_height_advantage,goalkeeper_line_command,taker_corner_assist_rate,routine_lag_1,routine_lag_2,routine_lag_3,routine_lag_4,routine_lag_5,hist_rate_routine_0,hist_rate_routine_2,consecutive_same_routine,target_routine,target_outcome
0,0.08888888888888889,0,1,0,0.8399543683844689,0.3196261733695699,4.0,6.0,0.7,3.0,0,0,0.0,0.8,0.12,-1,-1,-1,-1,-1,0.75,0.1,0,1,0
0,0.08888888888888889,0,1,0,0.75,0.2,4.0,6.0,0.7,3.0,0,1,0.0,0.8,0.12,1,-1,-1,-1,-1,0.0,0.0,1,2,0
0,0.08888888888888889,0,1,0,0.8399543683844689,0.3196261733695699,4.0,6.0,0.7,3.0,0,2,0.0,0.8,0.0,2,1,-1,-1,-1,0.0,0.5,1,1,0
0,0.08888888888888889,0,1,0,0.8399543683844689,0.3196261733695699,4.0,6.0,0.7,3.0,0,3,0.0,0.8,0.0,1,2,1,-1,-1,0.0,0.3333333333333333,1,2,0
0,0.18888888888888888,0,1,0,0.8399543683844689,0.3196261733695699,4.0,6.0,0.7,3.0,0,0,0.0,0.8,0.0,2,1,2,1,-1,0.0,0.5,1,0,0
1,0.23333333333333334,0,0,0,0.75,0.2,5.0,5.0,0.7,6.597950563653723,0,0,0.0,0.8,0.12,-1,-1,-1,-1,-1,0.75,0.1,0,0,0
0,0.23333333333333334,0,0,0,0.75,0.2,5.0,5.0,0.7,6.597950563653723,0,1,0.0,0.8,0.12,0,-1,-1,-1,-1,1.0,0.0,1,1,0
1,0.23333333333333334,0,0,0,0.75,0.2,5.0,5.0,0.7,6.597950563653723,1,2,0.0,0.8,0.12,1,0,-1,-1,-1,0.5,0.0,1,0,0
0,0.23333333333333334,0,0,0,0.75,0.2,5.0,5.0,0.7,6.597950563653723,0,3,0.0,0.8,0.12,0,1,0,-1,-1,0.6666666666666666,0.0,1,0,0
1,0.23333333333333334,0,1,0,0.886780397068996,0.2551350114887681,4.0,6.0,0.7,3.0,0,0,0.0,0.8,0.12,0,2,1,2,1,0.2,0.4,1,2,0
1,0.34444444444444444,0,1,0,0.8399543683844689,0.3196261733695699,4.0,6.0,0.7,3.0,0,0,0.0,0.8,0.0,2,0,2,1,2,0.16666666666666666,0.5,1,1,0
1,0.34444444444444444,0,1,0,0.75,0.2,4.0,6.0,0.7,3.0,0,1,0.0,0.8,0.0,1,2,0,2,1,0.14285714285714285,0.42857142857142855,1,0,1
1,0.5111111111111111,0,0,0,0.75,0.2,5.0,5.0,0.7,6.597950563653723,0,0,0.0,0.8,0.0,0,0,1,0,-1,0.75,0.0,2,0,0
1,0.5111111111111111,0,0,0,0.75,0.2,5.0,5.0,0.7,6.597950563653723,0,1,0.0,0.8,0.0,0,0,0,1,0,0.8,0.0,3,0,0
1,0.5222222222222223,0,0,0,0.75,0.2,5.0,5.0,0.7,6.597950563653723,0,2,0.0,0.8,0.0,0,0,0,0,1,0.8333333333333334,0.0,4,0,0
0,0.5222222222222223,0,1,0,0.6768897823325436,0.1921663288648518,4.0,6.0,0.7,3.0,0,0,0.0,0.8,0.12,0,1,2,0,2,0.25,0.375,1,2,0
1,0.6888888888888889,0,1,0,0.886780397068996,0.2551350114887681,4.0,6.0,0.7,3.0,0,0,0.0,0.8,0.0,2,0,1,2,0,0.2222222222222222,0.4444444444444444,1,0,1
0,0.7555555555555555,0,1,0,0.8399543683844689,0.3196261733695699,4.0,6.0,0.7,3.0,0,0,0.0,0.8,0.0,0,2,0,1,2,0.3,0.4,1,0,0
1,0.8111111111111111,0,1,0,0.886780397068996,0.2551350114887681,4.0,6.0,0.7,3.0,0,0,0.0,0.8,0.5,0,0,2,0,1,0.36363636363636365,0.36363636363636365,2,1,0
0,0.8111111111111111,0,1,0,0.6768897823325436,0.1921663288648518,4.0,6.0,0.7,3.0,0,1,0.0,0.8,0.0,1,0,0,2,0,0.3333333333333333,0.3333333333333333,1,0,1
1,0.8111111111111111,0,1,0,0.8399543683844689,0.3196261733695699,4.0,6.0,0.7,3.0,1,2,0.0,0.8,0.0,0,1,0,0,2,0.38461538461538464,0.3076923076923077,1,2,0
1,0.8111111111111111,0,1,0,0.886780397068996,0.2551350114887681,4.0,6.0,0.7,3.0,0,3,0.0,0.8,0.3333333333333333,2,0,1,0,0,0.35714285714285715,0.35714285714285715,1,0,0
0,0.8111111111111111,0,0,0,0.75,0.2,5.0,5.0,0.7,6.597950563653723,0,0,0.0,0.8,0.12,0,0,0,0,0,0.8571428571428571,0.0,5,2,0
1,0.8111111111111111,0,1,0,0.8875360555219667,0.2437023176472821,4.0,6.0,0.7,3.0,1,4,0.0,0.8,0.12,0,2,0,1,0,0.4,0.3333333333333333,1,2,0
0,0.8111111111111111,0,1,0,0.75,0.2,4.0,6.0,0.7,3.0,1,5,0.0,0.8,0.12,2,0,2,0,1,0.375,0.375,1,2,0
0,0.8111111111111111,0,1,0,0.6768897823325436,0.1921663288648518,4.0,6.0,0.7,3.0,1,6,0.0,0.8,0.5,2,2,0,2,0,0.35294117647058826,0.4117647058823529,2,2,0
0,0.8111111111111111,0,1,0,0.8875360555219667,0.2437023176472821,4.0,6.0,0.7,3.0,0,7,0.0,0.8,0.0,2,2,2,0,2,0.3333333333333333,0.4444444444444444,3,2,0
0,0.8111111111111111,0,1,0,0.75,0.2,4.0,6.0,0.7,3.0,0,8,0.0,0.8,0.0,2,2,2,2,0,0.3157894736842105,0.47368421052631576,4,2,0
0,0.8111111111111111,0,1,0,0.8875360555219667,0.2437023176472821,4.0,6.0,0.7,3.0,0,9,0.0,0.8,0.0,2,2,2,2,2,0.3,0.5,5,2,0
1,0.8222222222222222,0,1,0,0.75,0.2,4.0,6.0,0.7,3.0,0,10,0.0,0.8,0.12,2,2,2,2,2,0.3,0.55,6,2,0
1,0.8222222222222222,0,1,0,0.75,0.2,4.0,6.0,0.7,3.0,1,11,0.0,0.8,0.5,2,2,2,2,2,0.3,0.55,7,2,0
0,0.8222222222222222,0,1,0,0.75,0.2,4.0,6.0,0.7,3.0,0,12,0.0,0.8,0.12,2,2,2,2,2,0.3,0.6,8,2,0
0,0.8222222222222222,0,1,0,0.6768897823325436,0.1921663288648518,4.0,6.0,0.7,3.0,0,13,0.0,0.8,0.3333333333333333,2,2,2,2,2,0.3,0.6,9,0,0
1,0.022222222222222223,0,1,0,0.8258081667041515,0.2016126704271218,5.0,5.0,0.7,6.281291245541637,0,0,0.0,0.75,0.12,-1,-1,-1,-1,-1,0.75,0.1,0,0,0
0,0.14444444444444443,0,1,0,0.7379620461151613,0.1566909025643349,5.0,5.0,0.7,6.281291245541637,0,0,0.0,0.75,0.12,0,-1,-1,-1,-1,1.0,0.0,1,0,0
1,0.14444444444444443,0,1,0,0.9254567649489648,0.2724809094445128,5.0,5.0,0.7,6.281291245541637,0,1,0.0,0.75,0.12,0,0,-1,-1,-1,1.0,0.0,2,1,0
0,0.14444444444444443,0,0,0,0.7205056006240315,0.1993252988383352,5.0,5.0,0.7,5.864015210435496,0,0,0.0,0.75,0.12,-1,-1,-1,-1,-1,0.75,0.1,0,2,0
1,0.14444444444444443,0,1,0,0.9254567649489648,0.2724809094445128,5.0,5.0,0.7,6.281291245541637,0,2,0.0,0.75,0.0,1,0,0,-1,-1,0.6666666666666666,0.0,1,2,0
1,0.14444444444444443,0,1,0,0.874378404569353,0.2066422853465538,5.0,5.0,0.7,6.281291245541637,0,3,0.0,0.75,0.12,2,1,0,0,-1,0.5,0.25,1,2,0
1,0.14444444444444443,0,1,0,0.874378404569353,0.2066422853465538,5.0,5.0,0.7,6.281291245541637,0,4,0.0,0.75,0.0,2,2,1,0,0,0.4,0.4,2,2,0
1,0.14444444444444443,0,1,0,0.8861084955337675,0.258102902314143,5.0,5.0,0.7,6.281291245541637,1,5,0.0,0.75,0.12,2,2,2,1,0,0.3333333333333333,0.5,3,2,0
1,0.14444444444444443,0,1,0,0.9254567649489648,0.2724809094445128,5.0,5.0,0.7,6.281291245541637,0,6,0.0,0.75,0.0,2,2,2,2,1,0.2857142857142857,0.5714285714285714,4,2,0
1,0.18888888888888888,0,0,0,0.7463210003891588,0.3209849799927481,5.0,5.0,0.7,5.864015210435496,0,0,0.0,0.75,0.12,2,-1,-1,-1,-1,0.0,1.0,1,0,0
0,0.18888888888888888,0,0,0,0.75,0.2,5.0,5.0,0.7,5.864015210435496,0,1,0.0,0.75,0.12,0,2,-1,-1,-1,0.5,0.5,1,0,0
0,0.36666666666666664,0,1,0,0.7379620461151613,0.1566909025643349,5.0,5.0,0.7,6.281291245541637,0,0,0.0,0.75,0.0,2,2,2,2,2,0.25,0.625,5,0,0
0,0.7888888888888889,0,1,0,0.75,0.2,5.0,5.0,0.7,6.281291245541637,0,0,0.0,0.75,0.12,0,2,2,2,2,0.3333333333333333,0.5555555555555556,1,0,0
1,0.9222222222222223,0,1,0,0.75,0.2,5.0,5.0,0.7,6.281291245541637,0,0,0.0,0.75,0.0,0,0,2,2,2,0.4,0.5,2,1,0
1,0.9222222222222223,0,1,0,0.8861084955337675,0.258102902314143,5.0,5.0,0.7,6.281291245541637,1,1,0.0,0.75,0.0,1,0,0,2,2,0.36363636363636365,0.45454545454545453,1,0,0
0,0.12222222222222222,0,1,0,0.7663020182165333,0.2120029624517322,5.0,5.0,0.7,4.675129700612568,0,0,0.0,0.2,0.12,-1,-1,-1,-1,-1,0.75,0.1,0,1,0
0,0.12222222222222222,0,1,0,0.9089346030447576,0.3881381845183247,5.0,5.0,0.7,4.675129700612568,0,1,0.0,0.2,0.12,1,-1,-1,-1,-1,0.0,0.0,1,2,0
0,0.12222222222222222,0,1,0,0.8667170874198437,0.255726796210158,5.0,5.0,0.7,4.675129700612568,0,2,0.0,0.2,0.12,2,1,-1,-1,-1,0.0,0.5,1,2,0
0,0.12222222222222222,0,1,0,0.75,0.2,5.0,5.0,0.7,4.675129700612568,0,3,0.0,0.2,0.12,2,2,1,-1,-1,0.0,0.6666666666666666,2,2,0
0,0.12222222222222222,0,1,0,0.9089346030447576,0.3881381845183247,5.0,5.0,0.7,4.675129700612568,0,4,0.0,0.2,0.0,2,2,2,1,-1,0.0,0.75,3,2,0
1,0.12222222222222222,0,1,0,0.75,0.2,5.0,5.0,0.7,4.675129700612568,0,5,0.0,0.2,0.12,2,2,2,2,1,0.0,0.8,4,2,0
1,0.12222222222222222,0,1,0,0.75,0.2,5.0,5.0,0.7,4.675129700612568,0,6,0.0,0.2,0.12,2,2,2,2,2,0.0,0.8333333333333334,5,2,0
0,0.13333333333333333,0,1,0,0.75,0.2,5.0,5.0,0.7,4.675129700612568,0,7,0.0,0.2,0.12,2,2,2,2,2,0.0,0.8571428571428571,6,2,0
0,0.13333333333333333,0,1,0,0.75,0.2,5.0,5.0,0.7,4.675129700612568,0,8,0.0,0.2,0.0,2,2,2,2,2,0.0,0.875,7,2,0
0,0.13333333333333333,0,1,0,0.75,0.2,5.0,5.0,0.7,4.675129700612568,0,9,0.0,0.2,0.12,2,2,2,2,2,0.0,0.8888888888888888,8,2,0
0,0.13333333333333333,0,1,0,0.75,0.2,5.0,5.0,0.7,4.675129700612568,1,10,0.0,0.2,0.0,2,2,2,2,2,0.0,0.9,9,2,0
0,0.13333333333333333,0,1,0,0.75,0.2,5.0,5.0,0.7,4.675129700612568,0,11,0.0,0.2,0.0,2,2,2,2,2,0.0,0.9090909090909091,10,2,0
1,0.13333333333333333,0,1,0,0.9089346030447576,0.3881381845183247,5.0,5.0,0.7,4.675129700612568,0,12,0.0,0.2,0.0,2,2,2,2,2,0.0,0.9166666666666666,11,2,0
1,0.13333333333333333,0,1,0,0.9331658008592062,0.3415337174319998,5.0,5.0,0.7,4.675129700612568,0,13,0.0,0.2,0.12,2,2,2,2,2,0.0,0.9230769230769231,12,2,0
0,0.13333333333333333,0,1,0,0.8139011329888926,0.2688027482853115,5.0,5.0,0.7,4.675129700612568,1,14,0.0,0.2,0.12,2,2,2,2,2,0.0,0.9285714285714286,13,2,0
0,0.13333333333333333,0,1,0,0.8667170874198437,0.255726796210158,5.0,5.0,0.7,4.675129700612568,0,15,0.0,0.2,0.0,2,2,2,2,2,0.0,0.9333333333333333,14,2,0
0,0.13333333333333333,0,1,0,0.8139011329888926,0.2688027482853115,5.0,5.0,0.7,4.675129700612568,0,16,0.0,0.2,0.0,2,2,2,2,2,0.0,0.9375,15,2,0
0,0.13333333333333333,0,1,0,0.75,0.2,5.0,5.0,0.7,4.675129700612568,0,17,0.0,0.2,0.0,2,2,2,2,2,0.0,0.9411764705882353,16,2,0
0,0.13333333333333333,0,1,0,0.9089346030447576,0.3881381845183247,5.0,5.0,0.7,4.675129700612568,0,18,0.0,0.2,0.0,2,2,2,2,2,0.0,0.9444444444444444,17,2,1
0,0.28888888888888886,0,1,0,0.7663020182165333,0.2120029624517322,5.0,5.0,0.7,4.675129700612568,0,0,0.0,0.2,0.0,2,2,2,2,2,0.0,0.9473684210526315,18,0,1
0,0.3,0,1,0,0.7663020182165333,0.2120029624517322,5.0,5.0,0.7,4.675129700612568,0,1,0.0,0.2,0.5,0,2,2,2,2,0.05,0.9,1,0,1
0,0.4222222222222222,0,1,0,0.75,0.2,5.0,5.0,0.7,4.675129700612568,0,0,0.0,0.2,0.0,0,0,2,2,2,0.1,0.9,2,0,0
0,0.4222222222222222,0,1,0,0.75,0.2,5.0,5.0,0.7,4.675129700612568,0,1,0.0,0.2,0.12,0,0,0,2,2,0.15,0.85,3,2,0
0,0.4222222222222222,0,1,0,0.9089346030447576,0.3881381845183247,5.0,5.0,0.7,4.675129700612568,0,2,0.0,0.2,0.25,2,0,0,0,2,0.15,0.85,1,2,0
0,0.4222222222222222,0,1,0,0.8139011329888926,0.2688027482853115,5.0,5.0,0.7,4.675129700612568,1,3,0.0,0.2,0.0,2,2,0,0,0,0.15,0.85,2,2,0
1,0.4222222222222222,0,0,0,0.75,0.2,5.0,5.0,0.7,3.58949115951872,1,0,0.0,0.2,0.12,-1,-1,-1,-1,-1,0.75,0.1,0,2,0
0,0.43333333333333335,0,1,0,0.75,0.2,5.0,5.0,0.7,4.675129700612568,0,4,0.0,0.2,0.0,2,2,2,0,0,0.15,0.85,3,2,0
0,0.43333333333333335,0,1,0,0.75,0.2,5.0,5.0,0.7,4.675129700612568,0,5,0.0,0.2,0.0,2,2,2,2,0,0.15,0.85,4,2,0
0,0.43333333333333335,0,1,0,0.9089346030447576,0.3881381845183247,5.0,5.0,0.7,4.675129700612568,0,6,0.0,0.2,0.2,2,2,2,2,2,0.15,0.85,5,2,0
1,0.43333333333333335,0,1,0,0.9331658008592062,0.3415337174319998,5.0,5.0,0.7,4.675129700612568,0,7,0.0,0.2,0.0,2,2,2,2,2,0.15,0.85,6,2,0
1,0.43333333333333335,0,1,0,0.75,0.2,5.0,5.0,0.7,4.675129700612568,0,8,0.0,0.2,0.0,2,2,2,2,2,0.15,0.85,7,2,0
0,0.43333333333333335,0,1,0,0.9089346030447576,0.3881381845183247,5.0,5.0,0.7,4.675129700612568,0,9,0.0,0.2,0.16666666666666666,2,2,2,2,2,0.15,0.85,8,2,0
0,0.43333333333333335,0,1,0,0.8667170874198437,0.255726796210158,5.0,5.0,0.7,4.675129700612568,0,10,0.0,0.2,0.0,2,2,2,2,2,0.15,0.85,9,2,0
0,0.43333333333333335,0,1,0,0.9089346030447576,0.3881381845183247,5.0,5.0,0.7,4.675129700612568,0,11,0.0,0.2,0.14285714285714285,2,2,2,2,2,0.15,0.85,10,2,0
1,0.43333333333333335,0,1,0,0.8139011329888926,0.2688027482853115,5.0,5.0,0.7,4.675129700612568,1,12,0.0,0.2,0.0,2,2,2,2,2,0.15,0.85,11,2,0
1,0.43333333333333335,0,1,0,0.75,0.2,5.0,5.0,0.7,4.675129700612568,0,13,0.0,0.2,0.0,2,2,2,2,2,0.15,0.85,12,2,0
1,0.43333333333333335,0,1,0,0.75,0.2,5.0,5.0,0.7,4.675129700612568,1,14,0.0,0.2,0.0,2,2,2,2,2,0.15,0.85,13,1,0
1,0.4444444444444444,0,1,0,0.8139011329888926,0.2688027482853115,5.0,5.0,0.7,4.675129700612568,0,15,0.0,0.2,0.0,1,2,2,2,2,0.15,0.8,1,0,0
1,0.45555555555555555,0,1,0,0.75,0.2,5.0,5.0,0.7,4.675129700612568,0,15,0.0,0.2,0.0,0,1,2,2,2,0.2,0.75,1,0,1
0,0.5222222222222223,0,1,0,0.7663020182165333,0.2120029624517322,5.0,5.0,0.7,4.675129700612568,0,0,0.0,0.2,0.6666666666666666,0,0,1,2,2,0.25,0.7,2,0,1
0,0.5555555555555556,0,0,0,0.75,0.2,5.0,5.0,0.7,3.58949115951872,0,0,0.0,0.2,0.12,2,-1,-1,-1,-1,0.0,1.0,1,0,0
1,0.5555555555555556,0,0,0,0.75,0.2,5.0,5.0,0.7,3.58949115951872,1,1,0.0,0.2,0.12,0,2,-1,-1,-1,0.5,0.5,1,1,0
0,0.5555555555555556,0,0,0,0.75,0.2,5.0,5.0,0.7,3.58949115951872,0,2,0.0,0.2,0.12,1,0,2,-1,-1,0.3333333333333333,0.3333333333333333,1,2,0
0,0.5555555555555556,0,0,0,0.75,0.2,5.0,5.0,0.7,3.58949115951872,0,3,0.0,0.2,0.12,2,1,0,2,-1,0.25,0.5,1,2,0
1,0.6222222222222222,0,1,0,0.75,0.2,5.0,5.0,0.7,4.675129700612568,0,0,0.0,0.2,0.25,0,0,0,1,2,0.3,0.65,3,0,0
1,0.6222222222222222,0,1,0,0.75,0.2,5.0,5.0,0.7,4.675129700612568,0,1,0.0,0.2,0.0,0,0,0,0,1,0.3,0.65,4,2,0
1,0.6222222222222222,0,1,0,0.75,0.2,5.0,5.0,0.7,4.675129700612568,1,2,0.0,0.2,0.12,2,0,0,0,0,0.25,0.7,1,1,0
1,0.6222222222222222,0,1,0,0.75,0.2,5.0,5.0,0.7,4.675129700612568,0,3,0.0,0.2,0.0,1,2,0,0,0,0.2,0.7,1,0,0
1,0.7,0,1,0,0.75,0.2,5.0,5.0,0.7,4.675129700612568,0,0,0.0,0.2,0.2,0,1,2,0,0,0.25,0.65,1,2,1
1,0.7111111111111111,0,1,0,0.75,0.2,5.0,5.0,0.7,4.675129700612568,0,1,0.0,0.2,0.0,2,0,1,2,0,0.25,0.65,1,2,0
1,0.7111111111111111,0,1,0,0.9089346030447576,0.3881381845183247,5.0,5.0,0.7,4.675129700612568,0,2,0.0,0.2,0.125,2,2,0,1,2,0.25,0.65,2,2,0
0,0.7111111111111111,0,1,0,0.75,0.2,5.0,5.0,0.7,4.675129700612568,0,3,0.0,0.2,0.0,2,2,2,0,1,0.25,0.65,3,2,0
0,0.7111111111111111,0,1,0,0.8667170874198437,0.255726796210158,5.0,5.0,0.7,4.675129700612568,0,4,0.0,0.2,0.0,2,2,2,2,0,0.25,0.65,4,2,0
0,0.7111111111111111,0,1,0,0.75,0.2,5.0,5.0,0.7,4.675129700612568,0,5,0.0,0.2,0.0,2,2,2,2,2,0.25,0.65,5,2,0
0,0.7111111111111111,0,1,0,0.75,0.2,5.0,5.0,0.7,4.675129700612568,0,6,0.0,0.2,0.0,2,2,2,2,2,0.25,0.65,6,2,0
0,0.7111111111111111,0,1,0,0.75,0.2,5.0,5.0,0.7,4.675129700612568,0,7,0.0,0.2,0.0,2,2,2,2,2,0.25,0.65,7,2,0
1,0.7111111111111111,0,1,0,0.9331658008592062,0.3415337174319998,5.0,5.0,0.7,4.675129700612568,1,8,0.0,0.2,0.0,2,2,2,2,2,0.25,0.65,8,2,0
1,0.7111111111111111,0,1,0,0.75,0.2,5.0,5.0,0.7,4.675129700612568,0,9,0.0,0.2,0.0,2,2,2,2,2,0.25,0.65,9,2,0
0,0.7111111111111111,0,0,0,0.75,0.2,5.0,5.0,0.7,3.58949115951872,1,0,0.0,0.2,0.0,2,2,1,0,2,0.2,0.6,2,2,0
0,0.7444444444444445,0,0,0,0.75,0.2,5.0,5.0,0.7,3.58949115951872,0,1,0.0,0.2,0.0,2,2,2,1,0,0.16666666666666666,0.6666666666666666,3,2,0
0,0.8666666666666667,0,1,0,0.75,0.2,5.0,5.0,0.7,4.675129700612568,0,0,0.0,0.2,0.0,2,2,2,2,2,0.25,0.65,10,0,0
0,0.011111111111111112,0,0,0,0.75,0.2,5.0,5.0,0.7,7.314317180526972,0,0,0.0,1.0,0.12,-1,-1,-1,-1,-1,0.75,0.1,0,0,0
0,0.06666666666666667,0,1,0,0.881544825390888,0.3540279876754014,5.0,5.0,0.7,10.295460957236472,0,0,0.0,1.0,0.12,-1,-1,-1,-1,-1,0.75,0.1,0,2,0
0,0.06666666666666667,0,1,0,0.75,0.2,5.0,5.0,0.7,10.295460957236472,0,1,0.0,1.0,0.12,2,-1,-1,-1,-1,0.0,1.0,1,2,0
0,0.06666666666666667,0,1,0,0.94568928992933,0.1724892715353271,5.0,5.0,0.7,10.295460957236472,0,2,0.0,1.0,0.12,2,2,-1,-1,-1,0.0,1.0,2,1,0
0,0.06666666666666667,0,1,0,0.7779230013788211,0.177351902287348,5.0,5.0,0.7,10.295460957236472,0,3,0.0,1.0,0.12,1,2,2,-1,-1,0.0,0.6666666666666666,1,1,0
1,0.06666666666666667,0,0,0,0.75,0.2,5.0,5.0,0.7,7.314317180526972,0,0,0.0,1.0,0.12,0,-1,-1,-1,-1,1.0,0.0,1,2,0
0,0.16666666666666666,0,1,0,0.881544825390888,0.3540279876754014,5.0,5.0,0.7,10.295460957236472,0,0,0.0,1.0,0.0,1,1,2,2,-1,0.0,0.5,2,0,0
1,0.7333333333333333,0,1,0,0.881544825390888,0.3540279876754014,5.0,5.0,0.7,10.295460957236472,0,0,0.0,1.0,0.0,0,1,1,2,2,0.2,0.4,1,2,0
1,0.7444444444444445,0,1,0,0.75,0.2,5.0,5.0,0.7,10.295460957236472,0,1,0.0,1.0,0.0,2,0,1,1,2,0.16666666666666666,0.5,1,0,0
1,0.7555555555555555,0,1,0,0.75,0.2,5.0,5.0,0.7,10.295460957236472,0,2,0.0,1.0,0.12,0,2,0,1,1,0.2857142857142857,0.42857142857142855,1,0,0
0,0.7555555555555555,0,1,0,0.75,0.2,5.0,5.0,0.7,10.295460957236472,0,3,0.0,1.0,0.12,0,0,2,0,1,0.375,0.375,2,2,0
0,0.7555555555555555,0,1,0,0.94568928992933,0.1724892715353271,5.0,5.0,0.7,10.295460957236472,0,4,0.0,1.0,0.0,2,0,0,2,0,0.3333333333333333,0.4444444444444444,1,1,0
0,0.7555555555555555,0,1,0,0.75,0.2,5.0,5.0,0.7,10.295460957236472,0,5,0.0,1.0,0.0,1,2,0,0,2,0.3,0.4,1,2,0
0,0.7555555555555555,0,1,0,0.8275904935125621,0.5795572553667024,5.0,5.0,0.7,10.295460957236472,0,6,0.0,1.0,0.12,2,1,2,0,0,0.2727272727272727,0.45454545454545453,1,2,0
1,0.7555555555555555,0,1,0,0.8698591338198713,0.2281386733778179,5.0,5.0,0.7,10.295460957236472,1,7,0.0,1.0,0.12,2,2,1,2,0,0.25,0.5,2,2,0
1,0.7555555555555555,0,1,0,0.75,0.2,5.0,5.0,0.7,10.295460957236472,0,8,0.0,1.0,0.0,2,2,2,1,2,0.23076923076923078,0.5384615384615384,3,2,0
1,0.7555555555555555,0,1,0,0.75,0.2,5.0,5.0,0.7,10.295460957236472,0,9,0.0,1.0,0.0,2,2,2,2,1,0.21428571428571427,0.5714285714285714,4,2,0
1,0.7555555555555555,0,1,0,0.75,0.2,5.0,5.0,0.7,10.295460957236472,0,10,0.0,1.0,0.0,2,2,2,2,2,0.2,0.6,5,2,0
1,0.8444444444444444,0,1,0,0.75,0.2,5.0,5.0,0.7,10.295460957236472,0,0,0.0,1.0,0.0,2,2,2,2,2,0.1875,0.625,6,2,0
1,0.8444444444444444,0,1,0,0.881544825390888,0.3540279876754014,5.0,5.0,0.7,10.295460957236472,1,1,0.0,1.0,0.0,2,2,2,2,2,0.17647058823529413,0.6470588235294118,7,2,0
1,0.8444444444444444,0,1,0,0.75,0.2,5.0,5.0,0.7,10.295460957236472,1,2,0.0,1.0,0.0,2,2,2,2,2,0.16666666666666666,0.6666666666666666,8,2,0
0,1.0,0,1,0,0.881544825390888,0.3540279876754014,5.0,5.0,0.7,10.295460957236472,0,0,0.0,1.0,0.0,2,2,2,2,2,0.15789473684210525,0.6842105263157895,9,0,0
1,0.06666666666666667,0,1,0,0.8213264865267894,0.2041600336126262,5.0,5.0,0.7,4.221715898927068,0,0,0.0,0.0,0.12,-1,-1,-1,-1,-1,0.75,0.1,0,1,0
0,0.06666666666666667,0,0,0,0.75,0.2,5.0,5.0,0.7,3.800433280458458,1,0,0.0,0.0,0.12,-1,-1,-1,-1,-1,0.75,0.1,0,2,0
1,0.06666666666666667,0,1,0,0.8213264865267894,0.2041600336126262,5.0,5.0,0.7,4.221715898927068,1,1,0.0,0.0,0.0,1,-1,-1,-1,-1,0.0,0.0,1,1,0
1,0.06666666666666667,0,1,0,0.75,0.2,5.0,5.0,0.7,4.221715898927068,0,2,0.0,0.0,0.12,1,1,-1,-1,-1,0.0,0.0,2,0,0
0,0.06666666666666667,0,0,0,0.765414839254618,0.2259525247702806,5.0,5.0,0.7,3.800433280458458,0,1,0.0,0.0,0.12,2,-1,-1,-1,-1,0.0,1.0,1,2,0
1,0.2,0,1,0,0.7573956964777813,0.2645737250146966,5.0,5.0,0.7,4.221715898927068,0,0,0.0,0.0,0.12,0,1,1,-1,-1,0.3333333333333333,0.0,1,1,1
0,0.23333333333333334,0,1,0,0.8213264865267894,0.2041600336126262,5.0,5.0,0.7,4.221715898927068,0,0,0.0,0.0,0.0,1,0,1,1,-1,0.25,0.0,1,2,1
1,0.26666666666666666,0,1,0,0.7573956964777813,0.2645737250146966,5.0,5.0,0.7,4.221715898927068,0,0,0.0,0.0,1.0,2,1,0,1,1,0.2,0.2,1,0,0
0,0.26666666666666666,0,1,0,0.9237462207048562,0.2910265192033732,5.0,5.0,0.7,4.221715898927068,0,1,0.0,0.0,0.12,0,2,1,0,1,0.3333333333333333,0.16666666666666666,1,0,0
1,0.26666666666666666,0,1,0,0.75,0.2,5.0,5.0,0.7,4.221715898927068,1,2,0.0,0.0,0.12,0,0,2,1,0,0.42857142857142855,0.14285714285714285,2,2,0
1,0.2777777777777778,0,1,0,0.7573956964777813,0.2645737250146966,5.0,5.0,0.7,4.221715898927068,1,3,0.0,0.0,0.5,2,0,0,2,1,0.375,0.25,1,2,1
0,0.32222222222222224,0,1,0,0.7573956964777813,0.2645737250146966,5.0,5.0,0.7,4.221715898927068,0,0,0.0,0.0,0.6666666666666666,2,2,0,0,2,0.3333333333333333,0.3333333333333333,2,2,0
0,0.32222222222222224,0,1,0,0.8213264865267894,0.2041600336126262,5.0,5.0,0.7,4.221715898927068,0,1,0.0,0.0,0.3333333333333333,2,2,2,0,0,0.3,0.4,3,2,0
0,0.32222222222222224,0,1,0,0.7573956964777813,0.2645737250146966,5.0,5.0,0.7,4.221715898927068,0,2,0.0,0.0,0.5,2,2,2,2,0,0.2727272727272727,0.45454545454545453,4,0,0
1,0.3333333333333333,0,1,0,0.8213264865267894,0.2041600336126262,5.0,5.0,0.7,4.221715898927068,0,3,0.0,0.0,0.25,0,2,2,2,2,0.3333333333333333,0.4166666666666667,1,1,0
0,0.37777777777777777,0,0,0,0.7801232172457365,0.2390967617347511,5.0,5.0,0.7,3.800433280458458,0,0,0.0,0.0,0.12,2,2,-1,-1,-1,0.0,1.0,2,0,0
0,0.37777777777777777,0,0,0,0.75,0.2,5.0,5.0,0.7,3.800433280458458,0,1,0.0,0.0,0.12,0,2,2,-1,-1,0.3333333333333333,0.6666666666666666,1,2,0
1,0.4111111111111111,0,1,0,0.75,0.2,5.0,5.0,0.7,4.221715898927068,0,0,0.0,0.0,0.0,1,0,2,2,2,0.3076923076923077,0.38461538461538464,1,0,0
1,0.4222222222222222,0,0,0,0.7801232172457365,0.2390967617347511,5.0,5.0,0.7,3.800433280458458,0,0,0.0,0.0,0.0,2,0,2,2,-1,0.25,0.75,1,1,0
0,0.4222222222222222,0,0,0,0.75,0.2,5.0,5.0,0.7,3.800433280458458,0,1,0.0,0.0,0.0,1,2,0,2,2,0.2,0.6,1,0,1
1,0.6,0,0,0,0.7801232172457365,0.2390967617347511,5.0,5.0,0.7,3.800433280458458,0,0,0.0,0.0,0.0,0,1,2,0,2,0.3333333333333333,0.5,1,0,1
1,0.6888888888888889,0,1,0,0.75,0.2,5.0,5.0,0.7,4.221715898927068,0,0,0.0,0.0,0.0,0,1,0,2,2,0.35714285714285715,0.35714285714285715,1,0,0
1,0.9888888888888889,0,1,0,0.8213264865267894,0.2041600336126262,5.0,5.0,0.7,4.221715898927068,0,0,0.0,0.0,0.2,0,0,1,0,2,0.4,0.3333333333333333,2,0,0
0,1.0,0,0,0,0.75,0.2,5.0,5.0,0.7,3.800433280458458,0,0,0.0,0.0,0.12,0,0,1,2,0,0.42857142857142855,0.42857142857142855,2,2,0
1,0.022222222222222223,0,0,0,0.868703549803488,0.2278833593274579,4.0,6.0,0.7,5.561137558988569,0,0,0.0,0.5,0.12,-1,-1,-1,-1,-1,0.75,0.1,0,0,1
0,0.1111111111111111,0,0,0,0.75,0.2,4.0,6.0,0.7,5.561137558988569,0,0,0.0,0.5,0.12,0,-1,-1,-1,-1,1.0,0.0,1,0,1
1,0.24444444444444444,0,1,0,0.75,0.2,5.0,5.0,0.7,7.589370781006962,0,0,0.0,0.5,0.12,-1,-1,-1,-1,-1,0.75,0.1,0,2,1
0,0.28888888888888886,0,1,0,0.75,0.2,5.0,5.0,0.7,7.589370781006962,0,0,0.0,0.5,1.0,2,-1,-1,-1,-1,0.0,1.0,1,0,0
0,0.28888888888888886,0,1,0,0.6459642916977035,0.3545792072999532,5.0,5.0,0.7,7.589370781006962,0,1,0.0,0.5,0.12,0,2,-1,-1,-1,0.5,0.5,1,2,0
0,0.28888888888888886,0,1,0,0.75,0.2,5.0,5.0,0.7,7.589370781006962,0,2,0.0,0.5,0.12,2,0,2,-1,-1,0.3333333333333333,0.6666666666666666,1,2,0
0,0.3,0,1,0,0.75,0.2,5.0,5.0,0.7,7.589370781006962,0,3,0.0,0.5,0.12,2,2,0,2,-1,0.25,0.75,2,2,0
0,0.3,0,1,0,0.75,0.2,5.0,5.0,0.7,7.589370781006962,0,4,0.0,0.5,0.5,2,2,2,0,2,0.2,0.8,3,2,0
0,0.3,0,1,0,0.6459642916977035,0.3545792072999532,5.0,5.0,0.7,7.589370781006962,0,5,0.0,0.5,0.0,2,2,2,2,0,0.16666666666666666,0.8333333333333334,4,0,1
0,0.4777777777777778,0,0,0,0.75,0.2,4.0,6.0,0.7,5.561137558988569,0,0,0.0,0.5,1.0,0,0,-1,-1,-1,1.0,0.0,2,2,0
1,0.4777777777777778,0,0,0,0.868703549803488,0.2278833593274579,4.0,6.0,0.7,5.561137558988569,0,1,0.0,0.5,1.0,2,0,0,-1,-1,0.6666666666666666,0.3333333333333333,1,0,0
1,0.5555555555555556,0,0,0,0.868703549803488,0.2278833593274579,4.0,6.0,0.7,5.561137558988569,0,0,0.0,0.5,0.5,0,2,0,0,-1,0.75,0.25,1,0,1
1,0.6666666666666666,0,0,0,0.868703549803488,0.2278833593274579,4.0,6.0,0.7,5.561137558988569,0,0,0.0,0.5,0.6666666666666666,0,0,2,0,0,0.8,0.2,2,0,1
0,0.6666666666666666,0,0,0,0.6472154639301922,0.2765434057550511,4.0,6.0,0.7,5.561137558988569,0,1,0.0,0.5,0.12,0,0,0,2,0,0.8333333333333334,0.16666666666666666,3,0,0
1,0.6666666666666666,0,1,0,0.75,0.2,5.0,5.0,0.7,7.589370781006962,0,0,0.0,0.5,0.12,0,2,2,2,2,0.2857142857142857,0.7142857142857143,1,2,0
0,0.6666666666666666,0,0,0,0.75,0.2,4.0,6.0,0.7,5.561137558988569,0,2,0.0,0.5,0.5,0,0,0,0,2,0.8571428571428571,0.14285714285714285,4,2,0
1,0.6666666666666666,0,0,0,0.8840340938468532,0.282077795358585,4.0,6.0,0.7,5.561137558988569,0,3,0.0,0.5,0.12,2,0,0,0,0,0.75,0.25,1,2,0
1,0.6666666666666666,0,0,0,0.868703549803488,0.2278833593274579,4.0,6.0,0.7,5.561137558988569,0,4,0.0,0.5,0.75,2,2,0,0,0,0.6666666666666666,0.3333333333333333,2,1,0
0,0.9111111111111111,0,0,0,0.75,0.2,4.0,6.0,0.7,5.561137558988569,0,0,0.0,0.5,0.3333333333333333,1,2,2,0,0,0.6,0.3,1,0,0
1,1.0,0,0,0,0.868703549803488,0.2278833593274579,4.0,6.0,0.7,5.561137558988569,0,0,0.0,0.5,0.6,0,1,2,2,0,0.6363636363636364,0.2727272727272727,1,0,0
0,1.0,0,0,0,0.894540429413737,0.3966684297628596,4.0,6.0,0.7,5.561137558988569,1,1,0.0,0.5,0.12,0,0,1,2,2,0.6666666666666666,0.25,2,0,1
1,0.044444444444444446,0,0,0,0.8086897805986943,0.1722971262254637,5.0,5.0,0.7,8.45911343472032,0,0,0.0,0.5714285714285714,0.12,-1,-1,-1,-1,-1,0.75,0.1,0,0,0
0,0.2222222222222222,0,1,0,0.75,0.2,5.0,5.0,0.7,3.0851058070624373,0,0,0.0,0.5714285714285714,0.12,-1,-1,-1,-1,-1,0.75,0.1,0,0,1
1,0.3111111111111111,0,1,0,0.75,0.2,5.0,5.0,0.7,3.0851058070624373,0,0,0.0,0.5714285714285714,0.12,0,-1,-1,-1,-1,1.0,0.0,1,0,1
0,0.3111111111111111,0,1,0,0.75,0.2,5.0,5.0,0.7,3.0851058070624373,0,1,0.0,0.5714285714285714,1.0,0,0,-1,-1,-1,1.0,0.0,2,0,0
1,0.4777777777777778,0,1,0,0.75,0.2,5.0,5.0,0.7,3.0851058070624373,0,0,0.0,0.5714285714285714,1.0,0,0,0,-1,-1,1.0,0.0,3,1,0
0,0.4777777777777778,0,1,0,0.75,0.2,5.0,5.0,0.7,3.0851058070624373,1,1,0.0,0.5714285714285714,0.12,1,0,0,0,-1,0.75,0.0,1,1,1
1,0.5111111111111111,0,1,0,0.75,0.2,5.0,5.0,0.7,3.0851058070624373,0,2,0.0,0.5714285714285714,0.5,1,1,0,0,0,0.6,0.0,2,0,0
1,0.5111111111111111,0,1,0,0.75,0.2,5.0,5.0,0.7,3.0851058070624373,1,2,0.0,0.5714285714285714,0.12,0,1,1,0,0,0.6666666666666666,0.0,1,2,0
1,0.5111111111111111,0,1,0,0.75,0.2,5.0,5.0,0.7,3.0851058070624373,0,2,0.0,0.5714285714285714,0.3333333333333333,2,0,1,1,0,0.5714285714285714,0.14285714285714285,1,2,0
1,0.6444444444444445,0,0,0,0.8086897805986943,0.1722971262254637,5.0,5.0,0.7,8.45911343472032,0,0,0.0,0.5714285714285714,0.0,0,-1,-1,-1,-1,1.0,0.0,1,2,0
1,0.6444444444444445,0,0,0,0.75,0.2,5.0,5.0,0.7,8.45911343472032,0,1,0.0,0.5714285714285714,0.12,2,0,-1,-1,-1,0.5,0.5,1,2,0
1,0.6555555555555556,0,0,0,0.8086897805986943,0.1722971262254637,5.0,5.0,0.7,8.45911343472032,0,2,0.0,0.5714285714285714,0.0,2,2,0,-1,-1,0.3333333333333333,0.6666666666666666,2,1,0
1,0.6555555555555556,0,0,0,0.8086897805986943,0.1722971262254637,5.0,5.0,0.7,8.45911343472032,0,3,0.0,0.5714285714285714,0.0,1,2,2,0,-1,0.25,0.5,1,2,0
1,0.6555555555555556,0,0,0,0.75,0.2,5.0,5.0,0.7,8.45911343472032,0,4,0.0,0.5714285714285714,0.0,2,1,2,2,0,0.2,0.6,1,2,0
1,0.7777777777777778,0,1,0,0.75,0.2,5.0,5.0,0.7,3.0851058070624373,0,0,0.0,0.5714285714285714,0.25,2,2,0,1,1,0.5,0.25,2,1,0
1,0.7777777777777778,0,1,0,0.75,0.2,5.0,5.0,0.7,3.0851058070624373,1,1,0.0,0.5714285714285714,0.0,1,2,2,0,1,0.4444444444444444,0.2222222222222222,1,2,0
1,0.7777777777777778,0,1,0,0.75,0.2,5.0,5.0,0.7,3.0851058070624373,0,2,0.0,0.5714285714285714,0.2,2,1,2,2,0,0.4,0.3,1,1,0
0,0.7777777777777778,0,1,0,0.75,0.2,5.0,5.0,0.7,3.0851058070624373,1,3,0.0,0.5714285714285714,1.0,1,2,1,2,2,0.36363636363636365,0.2727272727272727,1,0,0
1,0.9111111111111111,0,0,0,0.8086897805986943,0.1722971262254637,5.0,5.0,0.7,8.45911343472032,0,0,0.0,0.5714285714285714,0.0,2,2,1,2,2,0.16666666666666666,0.6666666666666666,2,1,0
0,0.9111111111111111,0,0,0,0.75,0.2,5.0,5.0,0.7,8.45911343472032,0,1,0.0,0.5714285714285714,0.12,1,2,2,1,2,0.14285714285714285,0.5714285714285714,1,2,0
0,0.9111111111111111,0,0,0,0.75,0.2,5.0,5.0,0.7,8.45911343472032,1,2,0.0,0.5714285714285714,0.12,2,1,2,2,1,0.125,0.625,1,2,0
0,0.9111111111111111,0,0,0,0.75,0.2,5.0,5.0,0.7,8.45911343472032,0,3,0.0,0.5714285714285714,0.12,2,2,1,2,2,0.1111111111111111,0.6666666666666666,2,2,0
0,0.9111111111111111,0,0,0,0.75,0.2,5.0,5.0,0.7,8.45911343472032,0,4,0.0,0.5714285714285714,0.12,2,2,2,1,2,0.1,0.7,3,2,0
1,0.9111111111111111,0,0,0,0.75,0.2,5.0,5.0,0.7,8.45911343472032,0,5,0.0,0.5714285714285714,0.12,2,2,2,2,1,0.09090909090909091,0.7272727272727273,4,1,0
1,1.0,0,0,0,0.75,0.2,5.0,5.0,0.7,8.45911343472032,0,0,0.0,0.5714285714285714,0.0,1,2,2,2,2,0.08333333333333333,0.6666666666666666,1,2,0
1,1.0,0,0,0,0.75,0.2,5.0,5.0,0.7,8.45911343472032,1,1,0.0,0.5714285714285714,0.0,2,1,2,2,2,0.07692307692307693,0.6923076923076923,1,2,0
1,1.0,0,0,0,0.75,0.2,5.0,5.0,0.7,8.45911343472032,0,2,0.0,0.5714285714285714,0.0,2,2,1,2,2,0.07142857142857142,0.7142857142857143,2,0,0
1,1.0,0,0,0,0.75,0.2,5.0,5.0,0.7,8.45911343472032,1,3,0.0,0.5714285714285714,0.0,0,2,2,1,2,0.13333333333333333,0.6666666666666666,1,2,0
1,1.0,0,0,0,0.75,0.2,5.0,5.0,0.7,8.45911343472032,0,4,0.0,0.5714285714285714,0.12,2,0,2,2,1,0.125,0.6875,1,2,0
1,1.0,0,0,0,0.75,0.2,5.0,5.0,0.7,8.45911343472032,0,5,0.0,0.5714285714285714,0.0,2,2,0,2,2,0.11764705882352941,0.7058823529411765,2,2,0
1,1.0,0,0,0,0.75,0.2,5.0,5.0,0.7,8.45911343472032,0,6,0.0,0.5714285714285714,0.0,2,2,2,0,2,0.1111111111111111,0.7222222222222222,3,0,0
0,1.0,0,0,0,0.75,0.2,5.0,5.0,0.7,8.45911343472032,1,7,0.0,0.5714285714285714,0.0,0,2,2,2,0,0.15789473684210525,0.6842105263157895,1,1,0
0,0.06666666666666667,0,0,0,0.75,0.2,5.0,5.0,0.7,4.998455391931104,0,0,0.0,0.6666666666666666,0.12,-1,-1,-1,-1,-1,0.75,0.1,0,1,0
0,0.06666666666666667,0,0,0,0.8646375889916358,0.2780723737960237,5.0,5.0,0.7,4.998455391931104,0,1,0.0,0.6666666666666666,0.12,1,-1,-1,-1,-1,0.0,0.0,1,2,0
1,0.06666666666666667,0,0,0,0.75,0.2,5.0,5.0,0.7,4.998455391931104,1,2,0.0,0.6666666666666666,0.12,2,1,-1,-1,-1,0.0,0.5,1,2,0
1,0.06666666666666667,0,0,0,0.75,0.2,5.0,5.0,0.7,4.998455391931104,0,3,0.0,0.6666666666666666,0.12,2,2,1,-1,-1,0.0,0.6666666666666666,2,2,0
1,0.06666666666666667,0,0,0,0.6593054429526908,0.2276148706251205,5.0,5.0,0.7,4.998455391931104,1,4,0.0,0.6666666666666666,0.12,2,2,2,1,-1,0.0,0.75,3,0,0
0,0.06666666666666667,0,0,0,0.75,0.2,5.0,5.0,0.7,4.998455391931104,1,5,0.0,0.6666666666666666,0.0,0,2,2,2,1,0.2,0.6,1,0,0
1,0.14444444444444443,0,1,0,0.8177984549954084,0.2097517967686068,5.0,5.0,0.7,4.884755906136788,0,0,0.0,0.6666666666666666,0.12,-1,-1,-1,-1,-1,0.75,0.1,0,1,0
1,0.14444444444444443,0,1,0,0.75,0.2,5.0,5.0,0.7,4.884755906136788,1,1,0.0,0.6666666666666666,0.12,1,-1,-1,-1,-1,0.0,0.0,1,1,0
1,0.14444444444444443,0,1,0,0.8177984549954084,0.2097517967686068,5.0,5.0,0.7,4.884755906136788,1,2,0.0,0.6666666666666666,0.0,1,1,-1,-1,-1,0.0,0.0,2,1,0
1,0.14444444444444443,0,1,0,0.75,0.2,5.0,5.0,0.7,4.884755906136788,0,3,0.0,0.6666666666666666,0.12,1,1,1,-1,-1,0.0,0.0,3,2,0
1,0.15555555555555556,0,1,0,0.75,0.2,5.0,5.0,0.7,4.884755906136788,1,4,0.0,0.6666666666666666,0.0,2,1,1,1,-1,0.0,0.25,1,2,0
1,0.45555555555555555,0,0,0,0.75,0.2,5.0,5.0,0.7,4.998455391931104,0,0,0.0,0.6666666666666666,0.0,0,0,2,2,2,0.3333333333333333,0.5,2,0,1
0,0.4666666666666667,0,0,0,0.8260125351624479,0.4097109397686754,5.0,5.0,0.7,4.998455391931104,1,1,0.0,0.6666666666666666,0.12,0,0,0,2,2,0.42857142857142855,0.42857142857142855,3,2,0
1,0.7333333333333333,0,1,0,0.75,0.2,5.0,5.0,0.7,4.884755906136788,0,0,0.0,0.6666666666666666,0.0,2,2,1,1,1,0.0,0.4,2,1,0
0,0.9888888888888889,0,0,0,0.75,0.2,5.0,5.0,0.7,4.998455391931104,0,0,0.0,0.6666666666666666,0.12,2,0,0,0,2,0.375,0.5,1,0,0
1,1.0,0,0,0,0.75,0.2,5.0,5.0,0.7,4.998455391931104,0,1,0.0,0.6666666666666666,0.0,0,2,0,0,0,0.4444444444444444,0.4444444444444444,1,2,0
1,1.0,0,1,0,0.75,0.2,5.0,5.0,0.7,4.884755906136788,0,0,0.0,0.6666666666666666,0.12,1,2,2,1,1,0.0,0.3333333333333333,1,0,0
0,0.05555555555555555,0,1,0,0.75,0.2,5.0,5.0,0.7,2.003799981709439,0,0,0.0,0.8,0.12,-1,-1,-1,-1,-1,0.75,0.1,0,1,0
0,0.05555555555555555,0,1,0,0.75,0.2,5.0,5.0,0.7,2.003799981709439,0,1,0.0,0.8,0.12,1,-1,-1,-1,-1,0.0,0.0,1,2,0
0,0.05555555555555555,0,1,0,0.75,0.2,5.0,5.0,0.7,2.003799981709439,1,2,0.0,0.8,0.0,2,1,-1,-1,-1,0.0,0.5,1,0,1
0,0.07777777777777778,0,1,0,0.75,0.2,5.0,5.0,0.7,2.003799981709439,0,3,0.0,0.8,0.5,0,2,1,-1,-1,0.3333333333333333,0.3333333333333333,1,2,0
0,0.07777777777777778,0,1,0,0.75,0.2,5.0,5.0,0.7,2.003799981709439,1,4,0.0,0.8,0.12,2,0,2,1,-1,0.25,0.5,1,2,0
0,0.15555555555555556,0,0,0,0.75,0.2,5.0,5.0,0.7,3.713184989511984,0,0,0.0,0.8,0.12,-1,-1,-1,-1,-1,0.75,0.1,0,0,1
0,0.15555555555555556,0,0,0,0.75,0.2,5.0,5.0,0.7,3.713184989511984,0,1,0.0,0.8,1.0,0,-1,-1,-1,-1,1.0,0.0,1,1,0
0,0.15555555555555556,0,0,0,0.75,0.2,5.0,5.0,0.7,3.713184989511984,0,2,0.0,0.8,0.12,1,0,-1,-1,-1,0.5,0.0,1,2,0
0,0.15555555555555556,0,0,0,0.75,0.2,5.0,5.0,0.7,3.713184989511984,0,3,0.0,0.8,0.5,2,1,0,-1,-1,0.3333333333333333,0.3333333333333333,1,0,0
0,0.36666666666666664,0,0,0,0.75,0.2,5.0,5.0,0.7,3.713184989511984,0,0,0.0,0.8,0.3333333333333333,0,2,1,0,-1,0.5,0.25,1,1,1
0,0.4444444444444444,0,1,0,0.75,0.2,5.0,5.0,0.7,2.003799981709439,0,0,0.0,0.8,0.3333333333333333,2,2,0,2,1,0.2,0.6,2,0,1
0,0.4666666666666667,0,1,0,0.75,0.2,5.0,5.0,0.7,2.003799981709439,0,1,0.0,0.8,0.0,0,2,2,0,2,0.3333333333333333,0.5,1,1,0
1,0.4666666666666667,0,1,0,0.75,0.2,5.0,5.0,0.7,2.003799981709439,0,2,0.0,0.8,0.12,1,0,2,2,0,0.2857142857142857,0.42857142857142855,1,2,0
1,0.4666666666666667,0,1,0,0.75,0.2,5.0,5.0,0.7,2.003799981709439,1,3,0.0,0.8,0.5,2,1,0,2,2,0.25,0.5,1,1,0
0,0.4666666666666667,0,0,0,0.75,0.2,5.0,5.0,0.7,3.713184989511984,1,0,0.0,0.8,0.12,1,0,2,1,0,0.4,0.2,1,2,0
0,0.4666666666666667,0,0,0,0.75,0.2,5.0,5.0,0.7,3.713184989511984,1,1,0.0,0.8,0.0,2,1,0,2,1,0.3333333333333333,0.3333333333333333,1,2,0
0,0.4777777777777778,0,0,0,0.75,0.2,5.0,5.0,0.7,3.713184989511984,0,2,0.0,0.8,0.12,2,2,1,0,2,0.2857142857142857,0.42857142857142855,2,2,0
1,0.4777777777777778,0,1,0,0.75,0.2,5.0,5.0,0.7,2.003799981709439,0,4,0.0,0.8,0.0,1,2,1,0,2,0.2222222222222222,0.4444444444444444,1,2,0
0,0.5888888888888889,0,1,0,0.75,0.2,5.0,5.0,0.7,2.003799981709439,0,0,0.0,0.8,0.4,2,1,2,1,0,0.2,0.5,1,0,0
0,0.6,0,1,0,0.75,0.2,5.0,5.0,0.7,2.003799981709439,0,1,0.0,0.8,0.3333333333333333,0,2,1,2,1,0.2727272727272727,0.45454545454545453,1,0,0
0,0.6111111111111112,0,0,0,0.75,0.2,5.0,5.0,0.7,3.713184989511984,0,0,0.0,0.8,0.5,2,2,2,1,0,0.25,0.5,3,2,0
1,0.6111111111111112,0,0,0,0.75,0.2,5.0,5.0,0.7,3.713184989511984,1,1,0.0,0.8,0.12,2,2,2,2,1,0.2222222222222222,0.5555555555555556,4,1,0
0,0.6111111111111112,0,0,0,0.75,0.2,5.0,5.0,0.7,3.713184989511984,0,2,0.0,0.8,0.0,1,2,2,2,2,0.2,0.5,1,0,0
1,0.9777777777777777,0,1,0,0.75,0.2,5.0,5.0,0.7,2.003799981709439,0,0,0.0,0.8,0.2857142857142857,0,0,2,1,2,0.3333333333333333,0.4166666666666667,2,0,0
1,0.9777777777777777,0,1,0,0.75,0.2,5.0,5.0,0.7,2.003799981709439,0,1,0.0,0.8,0.12,0,0,0,2,1,0.38461538461538464,0.38461538461538464,3,2,0
0,0.9777777777777777,0,0,0,0.75,0.2,5.0,5.0,0.7,3.713184989511984,0,0,0.0,0.8,0.12,0,1,2,2,2,0.2727272727272727,0.45454545454545453,1,2,0
1,0.9777777777777777,0,1,0,0.7913928773236956,0.2039345219712557,5.0,5.0,0.7,2.003799981709439,0,2,0.0,0.8,0.12,2,0,0,0,2,0.35714285714285715,0.42857142857142855,1,2,0
1,0.9777777777777777,0,1,0,0.75,0.2,5.0,5.0,0.7,2.003799981709439,0,3,0.0,0.8,0.25,2,2,0,0,0,0.3333333333333333,0.4666666666666667,2,2,0
1,0.03333333333333333,0,1,0,0.8978880004985447,0.1570912679432947,5.0,5.0,0.7,3.290357417901322,0,0,0.0,1.0,0.12,-1,-1,-1,-1,-1,0.75,0.1,0,1,0
1,0.03333333333333333,0,1,0,0.8978880004985447,0.1570912679432947,5.0,5.0,0.7,3.290357417901322,0,1,0.0,1.0,0.0,1,-1,-1,-1,-1,0.0,0.0,1,2,0
1,0.03333333333333333,0,1,0,0.75,0.2,5.0,5.0,0.7,3.290357417901322,0,2,0.0,1.0,0.12,2,1,-1,-1,-1,0.0,0.5,1,0,1
1,0.1111111111111111,0,0,0,0.677404334834958,0.2381798200196904,4.0,7.0,0.7,5.7321800107426135,0,0,0.0,1.0,0.12,-1,-1,-1,-1,-1,0.75,0.1,0,0,1
0,0.14444444444444443,0,0,0,0.75,0.2,4.0,7.0,0.7,5.7321800107426135,0,1,0.0,1.0,0.12,0,-1,-1,-1,-1,1.0,0.0,1,1,0
0,0.14444444444444443,0,0,0,0.75,0.2,4.0,7.0,0.7,5.7321800107426135,0,2,0.0,1.0,0.12,1,0,-1,-1,-1,0.5,0.0,1,2,0
0,0.14444444444444443,0,0,0,0.75,0.2,4.0,7.0,0.7,5.7321800107426135,0,3,0.0,1.0,0.12,2,1,0,-1,-1,0.3333333333333333,0.3333333333333333,1,0,1
1,0.2111111111111111,0,0,0,0.677404334834958,0.2381798200196904,4.0,7.0,0.7,5.7321800107426135,0,0,0.0,1.0,1.0,0,2,1,0,-1,0.5,0.25,1,0,0
1,0.2111111111111111,0,0,0,0.75,0.2,4.0,7.0,0.7,5.7321800107426135,0,1,0.0,1.0,0.0,0,0,2,1,0,0.6,0.2,2,0,0
1,0.2222222222222222,0,0,0,0.75,0.2,4.0,7.0,0.7,5.7321800107426135,0,2,0.0,1.0,0.12,0,0,0,2,1,0.6666666666666666,0.16666666666666666,3,2,0
1,0.2222222222222222,0,0,0,0.75,0.2,4.0,7.0,0.7,5.7321800107426135,0,3,0.0,1.0,0.0,2,0,0,0,2,0.5714285714285714,0.2857142857142857,1,2,0
0,0.35555555555555557,0,1,0,0.75,0.2,5.0,5.0,0.7,3.290357417901322,0,0,0.0,1.0,1.0,0,2,1,-1,-1,0.3333333333333333,0.3333333333333333,1,1,0
1,0.35555555555555557,0,1,0,0.9369051918454476,0.2859348659194879,5.0,5.0,0.7,3.290357417901322,0,1,0.0,1.0,0.12,1,0,2,1,-1,0.25,0.25,1,0,0
1,0.35555555555555557,0,1,0,0.75,0.2,5.0,5.0,0.7,3.290357417901322,1,2,0.0,1.0,0.12,0,1,0,2,1,0.4,0.2,1,2,0
1,0.35555555555555557,0,1,0,0.75,0.2,5.0,5.0,0.7,3.290357417901322,0,3,0.0,1.0,0.12,2,0,1,0,2,0.3333333333333333,0.3333333333333333,1,2,0
1,0.35555555555555557,0,1,0,0.9184902612976884,0.3579396736470432,5.0,5.0,0.7,3.290357417901322,0,4,0.0,1.0,0.12,2,2,0,1,0,0.2857142857142857,0.42857142857142855,2,2,0
1,0.35555555555555557,0,1,0,0.75,0.2,5.0,5.0,0.7,3.290357417901322,0,5,0.0,1.0,0.0,2,2,2,0,1,0.25,0.5,3,2,0
1,0.35555555555555557,0,1,0,0.9184902612976884,0.3579396736470432,5.0,5.0,0.7,3.290357417901322,0,6,0.0,1.0,0.0,2,2,2,2,0,0.2222222222222222,0.5555555555555556,4,2,0
1,0.35555555555555557,0,1,0,0.75,0.2,5.0,5.0,0.7,3.290357417901322,0,7,0.0,1.0,0.0,2,2,2,2,2,0.2,0.6,5,2,0
1,0.35555555555555557,0,1,0,0.8978880004985447,0.1570912679432947,5.0,5.0,0.7,3.290357417901322,0,8,0.0,1.0,0.0,2,2,2,2,2,0.18181818181818182,0.6363636363636364,6,2,0
1,0.36666666666666664,0,1,0,0.9293343037506336,0.3050115448754883,5.0,5.0,0.7,3.290357417901322,0,9,0.0,1.0,0.12,2,2,2,2,2,0.16666666666666666,0.6666666666666666,7,2,0
0,0.36666666666666664,0,1,0,0.8619555139476691,0.1622077839946916,5.0,5.0,0.7,3.290357417901322,0,10,0.0,1.0,0.12,2,2,2,2,2,0.15384615384615385,0.6923076923076923,8,2,0
0,0.36666666666666664,0,1,0,0.9184902612976884,0.3579396736470432,5.0,5.0,0.7,3.290357417901322,0,11,0.0,1.0,0.0,2,2,2,2,2,0.14285714285714285,0.7142857142857143,9,2,0
1,0.36666666666666664,0,1,0,0.75,0.2,5.0,5.0,0.7,3.290357417901322,0,12,0.0,1.0,0.0,2,2,2,2,2,0.13333333333333333,0.7333333333333333,10,2,0
0,0.36666666666666664,0,1,0,0.9293343037506336,0.3050115448754883,5.0,5.0,0.7,3.290357417901322,0,13,0.0,1.0,0.0,2,2,2,2,2,0.125,0.75,11,2,0
0,0.5222222222222223,0,1,0,0.75,0.2,5.0,5.0,0.7,3.290357417901322,0,0,0.0,1.0,0.5,2,2,2,2,2,0.11764705882352941,0.7647058823529411,12,2,0
0,0.5222222222222223,0,1,0,0.8619555139476691,0.1622077839946916,5.0,5.0,0.7,3.290357417901322,0,1,0.0,1.0,0.0,2,2,2,2,2,0.1111111111111111,0.7777777777777778,13,0,1
0,0.6222222222222222,0,0,0,0.75,0.2,4.0,7.0,0.7,5.7321800107426135,0,0,0.0,1.0,1.0,2,2,0,0,0,0.5,0.375,2,0,0
0,0.6222222222222222,0,0,0,0.75,0.2,4.0,7.0,0.7,5.7321800107426135,0,1,0.0,1.0,0.0,0,2,2,0,0,0.5555555555555556,0.3333333333333333,1,2,0
0,0.6222222222222222,0,0,0,0.75,0.2,4.0,7.0,0.7,5.7321800107426135,0,2,0.0,1.0,0.0,2,0,2,2,0,0.5,0.4,1,2,0
0,0.6333333333333333,0,0,0,0.677404334834958,0.2381798200196904,4.0,7.0,0.7,5.7321800107426135,0,3,0.0,1.0,0.5,2,2,0,2,2,0.45454545454545453,0.45454545454545453,2,0,0
0,0.6333333333333333,0,0,0,0.75,0.2,4.0,7.0,0.7,5.7321800107426135,0,4,0.0,1.0,0.0,0,2,2,0,2,0.5,0.4166666666666667,1,2,0
0,0.8777777777777778,0,0,0,0.677404334834958,0.2381798200196904,4.0,7.0,0.7,5.7321800107426135,0,0,0.0,1.0,0.3333333333333333,2,0,2,2,0,0.46153846153846156,0.46153846153846156,1,0,0
1,0.8777777777777778,0,1,0,0.75,0.2,5.0,5.0,0.7,3.290357417901322,0,0,0.0,1.0,0.3333333333333333,0,2,2,2,2,0.15789473684210525,0.7368421052631579,1,2,0
1,0.8777777777777778,0,1,0,0.75,0.2,5.0,5.0,0.7,3.290357417901322,0,1,0.0,1.0,0.12,2,0,2,2,2,0.15,0.75,1,2,0
0,0.8777777777777778,0,0,0,0.75,0.2,4.0,7.0,0.7,5.7321800107426135,0,1,0.0,1.0,0.0,0,2,0,2,2,0.5,0.42857142857142855,1,2,0
0,0.8777777777777778,0,0,0,0.75,0.2,4.0,7.0,0.7,5.7321800107426135,0,2,0.0,1.0,0.12,2,0,2,0,2,0.4666666666666667,0.4666666666666667,1,1,0
1,0.8777777777777778,0,0,0,0.75,0.2,4.0,7.0,0.7,5.7321800107426135,0,3,0.0,1.0,0.12,1,2,0,2,0,0.4375,0.4375,1,2,0
1,0.8777777777777778,0,0,0,0.75,0.2,4.0,7.0,0.7,5.7321800107426135,0,4,0.0,1.0,0.12,2,1,2,0,2,0.4117647058823529,0.47058823529411764,1,2,0
0,0.8777777777777778,0,0,0,0.75,0.2,4.0,7.0,0.7,5.7321800107426135,0,5,0.0,1.0,0.5,2,2,1,2,0,0.3888888888888889,0.5,2,1,0
0,0.8777777777777778,0,0,0,0.677404334834958,0.2381798200196904,4.0,7.0,0.7,5.7321800107426135,0,6,0.0,1.0,0.25,1,2,2,1,2,0.3684210526315789,0.47368421052631576,1,0,0
0,0.8777777777777778,0,0,0,0.75,0.2,4.0,7.0,0.7,5.7321800107426135,1,7,0.0,1.0,0.0,0,1,2,2,1,0.4,0.45,1,2,0
0,0.8777777777777778,0,0,0,0.677404334834958,0.2381798200196904,4.0,7.0,0.7,5.7321800107426135,0,8,0.0,1.0,0.2,2,0,1,2,2,0.35,0.5,1,2,0
0,0.8777777777777778,0,0,0,0.75,0.2,4.0,7.0,0.7,5.7321800107426135,0,9,0.0,1.0,0.0,2,2,0,1,2,0.35,0.55,2,2,0
0,0.8777777777777778,0,0,0,0.75,0.2,4.0,7.0,0.7,5.7321800107426135,0,10,0.0,1.0,0.12,2,2,2,0,1,0.35,0.55,3,2,0
0,0.8888888888888888,0,0,0,0.677404334834958,0.2381798200196904,4.0,7.0,0.7,5.7321800107426135,0,11,0.0,1.0,0.16666666666666666,2,2,2,2,0,0.3,0.6,4,0,0
0,0.8888888888888888,0,0,0,0.75,0.2,4.0,7.0,0.7,5.7321800107426135,0,12,0.0,1.0,0.0,0,2,2,2,2,0.3,0.6,1,2,0
1,0.8888888888888888,0,1,0,0.75,0.2,5.0,5.0,0.7,3.290357417901322,0,2,0.0,1.0,0.0,2,2,0,2,2,0.15,0.8,2,2,0
0,1.0,0,0,0,0.677404334834958,0.2381798200196904,4.0,7.0,0.7,5.7321800107426135,0,0,0.0,1.0,0.14285714285714285,2,0,2,2,2,0.25,0.65,1,1,0
1,1.0,0,0,0,0.75,0.2,4.0,7.0,0.7,5.7321800107426135,0,1,0.0,1.0,0.0,1,2,0,2,2,0.25,0.6,1,0,0
0,1.0,0,1,0,0.754929132321964,0.2829480235177408,5.0,5.0,0.7,3.290357417901322,0,0,0.0,1.0,0.12,2,2,2,0,2,0.15,0.8,3,2,0
0,1.0,0,1,0,0.8619555139476691,0.1622077839946916,5.0,5.0,0.7,3.290357417901322,0,1,0.0,1.0,0.5,2,2,2,2,0,0.1,0.85,4,2,0
1,1.0,0,0,0,0.75,0.2,4.0,7.0,0.7,5.7321800107426135,0,0,0.0,1.0,0.0,0,1,2,0,2,0.3,0.55,1,2,0
0,1.0,0,1,0,0.754929132321964,0.2829480235177408,5.0,5.0,0.7,3.290357417901322,0,2,0.0,1.0,0.0,2,2,2,2,2,0.1,0.9,5,2,0
0,1.0,0,1,0,0.75,0.2,5.0,5.0,0.7,3.290357417901322,0,3,0.0,1.0,0.12,2,2,2,2,2,0.05,0.95,6,2,0
0,0.32222222222222224,0,0,0,0.75,0.2,5.0,5.0,0.7,5.23829906488589,0,0,0.0,0.5,0.12,-1,-1,-1,-1,-1,0.75,0.1,0,2,0
0,0.32222222222222224,0,0,0,0.876419399772536,0.2960766149807147,5.0,5.0,0.7,5.23829906488589,0,1,0.0,0.5,0.12,2,-1,-1,-1,-1,0.0,1.0,1,2,0
0,0.32222222222222224,0,0,0,0.8501298637866922,0.2008999729177449,5.0,5.0,0.7,5.23829906488589,1,2,0.0,0.5,0.12,2,2,-1,-1,-1,0.0,1.0,2,2,0
0,0.32222222222222224,0,0,0,0.75,0.2,5.0,5.0,0.7,5.23829906488589,0,3,0.0,0.5,0.0,2,2,2,-1,-1,0.0,1.0,3,2,0
0,0.32222222222222224,0,0,0,0.876419399772536,0.2960766149807147,5.0,5.0,0.7,5.23829906488589,0,4,0.0,0.5,0.0,2,2,2,2,-1,0.0,1.0,4,0,0
1,0.32222222222222224,0,0,0,0.9303296247021732,0.3325129005765299,5.0,5.0,0.7,5.23829906488589,0,5,0.0,0.5,0.12,0,2,2,2,2,0.2,0.8,1,0,0
1,0.32222222222222224,0,0,0,0.9462257186513968,0.359755433976887,5.0,5.0,0.7,5.23829906488589,0,6,0.0,0.5,0.12,0,0,2,2,2,0.3333333333333333,0.6666666666666666,2,0,1
1,0.4,0,1,0,0.75,0.2,5.0,5.0,0.7,9.572264072249965,0,0,0.0,0.5,0.12,-1,-1,-1,-1,-1,0.75,0.1,0,0,0
0,0.4,0,1,0,0.75,0.2,5.0,5.0,0.7,9.572264072249965,0,1,0.0,0.5,0.12,0,-1,-1,-1,-1,1.0,0.0,1,2,0
0,0.4,0,1,0,0.8041977273083567,0.3589030750434073,5.0,5.0,0.7,9.572264072249965,0,2,0.0,0.5,0.12,2,0,-1,-1,-1,0.5,0.5,1,2,0
0,0.4222222222222222,0,1,0,0.75,0.2,5.0,5.0,0.7,9.572264072249965,0,3,0.0,0.5,0.12,2,2,0,-1,-1,0.3333333333333333,0.6666666666666666,2,2,0
0,0.5111111111111111,0,0,0,0.75,0.2,5.0,5.0,0.7,5.23829906488589,0,0,0.0,0.5,0.0,0,0,0,2,2,0.42857142857142855,0.5714285714285714,3,2,0
0,0.5111111111111111,0,0,0,0.876419399772536,0.2960766149807147,5.0,5.0,0.7,5.23829906488589,0,1,0.0,0.5,0.0,2,0,0,0,2,0.375,0.625,1,0,0
0,0.5333333333333333,0,0,0,0.75,0.2,5.0,5.0,0.7,5.23829906488589,0,2,0.0,0.5,0.0,0,2,0,0,0,0.4444444444444444,0.5555555555555556,1,1,0
0,0.5333333333333333,0,0,0,0.9086978807480124,0.2809414072564857,5.0,5.0,0.7,5.23829906488589,0,3,0.0,0.5,0.12,1,0,2,0,0,0.4,0.5,1,0,1
0,0.5333333333333333,0,1,0,0.75,0.2,5.0,5.0,0.7,9.572264072249965,0,0,0.0,0.5,0.0,2,2,2,0,-1,0.25,0.75,3,2,0
1,0.5333333333333333,0,0,0,0.8501298637866922,0.2008999729177449,5.0,5.0,0.7,5.23829906488589,0,4,0.0,0.5,0.0,0,1,0,2,0,0.45454545454545453,0.45454545454545453,1,2,0
0,0.5333333333333333,0,0,0,0.876419399772536,0.2960766149807147,5.0,5.0,0.7,5.23829906488589,0,5,0.0,0.5,0.0,2,0,1,0,2,0.4166666666666667,0.5,1,2,0
0,0.5333333333333333,0,0,0,0.75,0.2,5.0,5.0,0.7,5.23829906488589,1,6,0.0,0.5,0.0,2,2,0,1,0,0.38461538461538464,0.5384615384615384,2,0,0
0,0.5333333333333333,0,1,0,0.75,0.2,5.0,5.0,0.7,9.572264072249965,0,1,0.0,0.5,0.0,2,2,2,2,0,0.2,0.8,4,2,0
1,0.5444444444444444,0,1,0,0.8041977273083567,0.3589030750434073,5.0,5.0,0.7,9.572264072249965,1,2,0.0,0.5,0.0,2,2,2,2,2,0.16666666666666666,0.8333333333333334,5,2,0
0,0.5888888888888889,0,0,0,0.75,0.2,5.0,5.0,0.7,5.23829906488589,0,0,0.0,0.5,0.0,0,2,2,0,1,0.42857142857142855,0.5,1,0,0
1,0.5888888888888889,0,0,0,0.876419399772536,0.2960766149807147,5.0,5.0,0.7,5.23829906488589,1,1,0.0,0.5,0.0,0,0,2,2,0,0.4666666666666667,0.4666666666666667,2,2,0
1,0.5888888888888889,0,0,0,0.8501298637866922,0.2008999729177449,5.0,5.0,0.7,5.23829906488589,1,2,0.0,0.5,0.0,2,0,0,2,2,0.4375,0.5,1,2,0
1,0.5888888888888889,0,0,0,0.876419399772536,0.2960766149807147,5.0,5.0,0.7,5.23829906488589,1,3,0.0,0.5,0.0,2,2,0,0,2,0.4117647058823529,0.5294117647058824,2,2,0
1,0.5888888888888889,0,0,0,0.75,0.2,5.0,5.0,0.7,5.23829906488589,1,4,0.0,0.5,0.12,2,2,2,0,0,0.3888888888888889,0.5555555555555556,3,2,0
1,0.5888888888888889,0,0,0,0.876419399772536,0.2960766149807147,5.0,5.0,0.7,5.23829906488589,0,5,0.0,0.5,0.0,2,2,2,2,0,0.3684210526315789,0.5789473684210527,4,0,0
0,0.6222222222222222,0,1,0,0.75,0.2,5.0,5.0,0.7,9.572264072249965,0,0,0.0,0.5,0.0,2,2,2,2,2,0.14285714285714285,0.8571428571428571,6,0,0
0,0.6444444444444445,0,0,0,0.75,0.2,5.0,5.0,0.7,5.23829906488589,0,0,0.0,0.5,0.0,0,2,2,2,2,0.4,0.55,1,1,0
1,0.6444444444444445,0,1,0,0.75,0.2,5.0,5.0,0.7,9.572264072249965,0,1,0.0,0.5,0.0,0,2,2,2,2,0.25,0.75,1,2,0
0,0.6444444444444445,0,0,0,0.8501298637866922,0.2008999729177449,5.0,5.0,0.7,5.23829906488589,1,1,0.0,0.5,0.0,1,0,2,2,2,0.4,0.5,1,2,0
1,0.6444444444444445,0,0,0,0.9040064320452812,0.2063907213019875,5.0,5.0,0.7,5.23829906488589,0,2,0.0,0.5,0.12,2,1,0,2,2,0.4,0.5,1,2,0
0,0.6444444444444445,0,0,0,0.8501298637866922,0.2008999729177449,5.0,5.0,0.7,5.23829906488589,0,3,0.0,0.5,0.0,2,2,1,0,2,0.4,0.5,2,2,0
0,0.6444444444444445,0,0,0,0.9462257186513968,0.359755433976887,5.0,5.0,0.7,5.23829906488589,0,4,0.0,0.5,1.0,2,2,2,1,0,0.4,0.5,3,2,0
0,0.6444444444444445,0,0,0,0.75,0.2,5.0,5.0,0.7,5.23829906488589,1,5,0.0,0.5,0.0,2,2,2,2,1,0.35,0.55,4,2,0
0,0.6444444444444445,0,0,0,0.75,0.2,5.0,5.0,0.7,5.23829906488589,0,6,0.0,0.5,0.0,2,2,2,2,2,0.3,0.6,5,1,0
1,0.7666666666666667,0,0,0,0.75,0.2,5.0,5.0,0.7,5.23829906488589,0,0,0.0,0.5,0.0,1,2,2,2,2,0.25,0.6,1,1,0
1,0.7666666666666667,0,0,0,0.75,0.2,5.0,5.0,0.7,5.23829906488589,0,1,0.0,0.5,0.0,1,1,2,2,2,0.25,0.55,2,1,1
0,0.2111111111111111,0,1,0,0.75,0.2,5.0,5.0,0.7,4.9551524461464505,0,0,0.0,0.8,0.12,-1,-1,-1,-1,-1,0.75,0.1,0,2,0
0,0.2222222222222222,0,1,0,0.75,0.2,5.0,5.0,0.7,4.9551524461464505,1,1,0.0,0.8,0.12,2,-1,-1,-1,-1,0.0,1.0,1,0,0
0,0.24444444444444444,0,1,0,0.75,0.2,5.0,5.0,0.7,4.9551524461464505,0,2,0.0,0.8,0.0,0,2,-1,-1,-1,0.5,0.5,1,0,1
1,0.2777777777777778,0,0,0,0.75,0.2,5.0,5.0,0.7,6.009487416817954,0,0,0.0,0.8,0.12,-1,-1,-1,-1,-1,0.75,0.1,0,1,0
0,0.9888888888888889,0,0,0,0.75,0.2,5.0,5.0,0.7,6.009487416817954,0,0,0.0,0.8,0.12,1,-1,-1,-1,-1,0.0,0.0,1,1,1
1,1.0,0,0,0,0.75,0.2,5.0,5.0,0.7,6.009487416817954,0,1,0.0,0.8,0.12,1,1,-1,-1,-1,0.0,0.0,2,2,0
0,1.0,0,1,0,0.75,0.2,5.0,5.0,0.7,4.9551524461464505,0,0,0.0,0.8,0.12,0,0,2,-1,-1,0.6666666666666666,0.3333333333333333,2,2,0
0,1.0,0,1,0,0.7820118737220135,0.3411412229482676,5.0,5.0,0.7,4.9551524461464505,0,1,0.0,0.8,0.12,2,0,0,2,-1,0.5,0.5,1,2,0
0,1.0,0,1,0,0.75,0.2,5.0,5.0,0.7,4.9551524461464505,0,2,0.0,0.8,0.0,2,2,0,0,2,0.4,0.6,2,2,0
1,0.05555555555555555,0,0,0,0.8399543683844689,0.3196261733695699,4.0,6.0,0.7,3.58949115951872,0,0,0.0,0.75,0.0,0,2,2,2,2,0.3,0.6,1,1,0
1,0.05555555555555555,0,0,0,0.8663211555131426,0.313380278242181,4.0,6.0,0.7,3.58949115951872,1,1,0.0,0.75,0.12,1,0,2,2,2,0.3,0.55,1,1,0
1,0.05555555555555555,0,1,0,0.9089346030447576,0.3881381845183247,5.0,5.0,0.7,6.597950563653723,0,0,0.0,0.75,0.1111111111111111,0,2,2,2,2,0.3,0.6,1,2,0
0,0.05555555555555555,0,0,0,0.75,0.2,4.0,6.0,0.7,3.58949115951872,0,2,0.0,0.75,0.0,1,1,0,2,2,0.3,0.55,2,2,0
0,0.05555555555555555,0,0,0,0.75,0.2,4.0,6.0,0.7,3.58949115951872,0,3,0.0,0.75,0.0,2,1,1,0,2,0.25,0.6,1,2,0
0,0.14444444444444443,0,1,0,0.7897819409839955,0.1745277655212773,5.0,5.0,0.7,6.597950563653723,0,0,0.0,0.75,0.12,2,0,2,2,2,0.3,0.6,1,2,0
0,0.14444444444444443,0,1,0,0.8139011329888926,0.2688027482853115,5.0,5.0,0.7,6.597950563653723,1,1,0.0,0.75,0.0,2,2,0,2,2,0.3,0.65,2,2,0
0,0.14444444444444443,0,1,0,0.75,0.2,5.0,5.0,0.7,6.597950563653723,0,2,0.0,0.75,0.12,2,2,2,0,2,0.25,0.7,3,2,0
0,0.14444444444444443,0,1,0,0.8139011329888926,0.2688027482853115,5.0,5.0,0.7,6.597950563653723,1,3,0.0,0.75,0.0,2,2,2,2,0,0.2,0.75,4,2,0
0,0.14444444444444443,0,1,0,0.75,0.2,5.0,5.0,0.7,6.597950563653723,1,4,0.0,0.75,0.0,2,2,2,2,2,0.15,0.8,5,2,0
1,0.14444444444444443,0,1,0,0.75,0.2,5.0,5.0,0.7,6.597950563653723,0,5,0.0,0.75,0.0,2,2,2,2,2,0.1,0.85,6,2,0
1,0.14444444444444443,0,1,0,0.75,0.2,5.0,5.0,0.7,6.597950563653723,0,6,0.0,0.75,0.0,2,2,2,2,2,0.1,0.85,7,2,0
1,0.14444444444444443,0,1,0,0.75,0.2,5.0,5.0,0.7,6.597950563653723,0,7,0.0,0.75,0.0,2,2,2,2,2,0.1,0.9,8,2,0
0,0.14444444444444443,0,1,0,0.9089346030447576,0.3881381845183247,5.0,5.0,0.7,6.597950563653723,1,8,0.0,0.75,0.1,2,2,2,2,2,0.05,0.95,9,2,0
0,0.28888888888888886,0,1,0,0.75,0.2,5.0,5.0,0.7,6.597950563653723,0,0,0.0,0.75,0.3333333333333333,2,2,2,2,2,0.05,0.95,10,0,0
0,0.6222222222222222,0,0,0,0.8399543683844689,0.3196261733695699,4.0,6.0,0.7,3.58949115951872,0,0,0.0,0.75,0.0,2,2,1,1,0,0.25,0.6,2,0,0
1,0.6222222222222222,0,0,0,0.75,0.2,4.0,6.0,0.7,3.58949115951872,1,1,0.0,0.75,0.12,0,2,2,1,1,0.25,0.6,1,2,0
0,0.7,0,1,0,0.7897819409839955,0.1745277655212773,5.0,5.0,0.7,6.597950563653723,0,0,0.0,0.75,0.0,0,2,2,2,2,0.1,0.9,1,0,1
0,0.8555555555555555,0,1,0,0.75,0.2,5.0,5.0,0.7,6.597950563653723,0,0,0.0,0.75,0.12,0,0,2,2,2,0.15,0.85,2,0,0
0,0.8555555555555555,0,1,0,0.9089346030447576,0.3881381845183247,5.0,5.0,0.7,6.597950563653723,0,1,0.0,0.75,0.09090909090909091,0,0,0,2,2,0.2,0.8,3,2,0
0,0.8666666666666667,0,1,0,0.7897819409839955,0.1745277655212773,5.0,5.0,0.7,6.597950563653723,1,2,0.0,0.75,0.5,2,0,0,0,2,0.2,0.8,1,1,0
1,0.8666666666666667,0,0,0,0.8399543683844689,0.3196261733695699,4.0,6.0,0.7,3.58949115951872,1,0,0.0,0.75,0.0,2,0,2,2,1,0.2,0.65,1,2,0
0,1.0,0,1,0,0.7897819409839955,0.1745277655212773,5.0,5.0,0.7,6.597950563653723,0,0,0.0,0.75,0.3333333333333333,1,2,0,0,0,0.2,0.75,1,0,0
0,1.0,0,0,0,0.9213448127991914,0.2239229182153353,4.0,6.0,0.7,3.58949115951872,0,0,0.0,0.75,0.12,2,2,0,2,2,0.2,0.7,2,2,0
1,1.0,0,1,0,0.75,0.2,5.0,5.0,0.7,6.597950563653723,0,1,0.0,0.75,0.0,0,1,2,0,0,0.25,0.7,1,2,0
0,0.14444444444444443,0,1,0,0.8258081667041515,0.2016126704271218,5.0,5.0,0.7,6.95327117597189,0,0,0.0,0.5,0.0,0,1,0,0,2,0.4166666666666667,0.4166666666666667,1,0,0
0,0.14444444444444443,0,1,0,0.8268496415906232,0.1464677012059349,5.0,5.0,0.7,6.95327117597189,0,1,0.0,0.5,0.12,0,0,1,0,0,0.46153846153846156,0.38461538461538464,2,0,1
1,0.25555555555555554,0,0,0,0.7048455053471936,0.2399853712959212,5.0,5.0,0.7,5.864015210435496,0,0,0.0,0.5,0.12,-1,-1,-1,-1,-1,0.75,0.1,0,0,0
1,0.25555555555555554,0,1,0,0.8268496415906232,0.1464677012059349,5.0,5.0,0.7,6.95327117597189,1,0,0.0,0.5,1.0,0,0,0,1,0,0.5,0.35714285714285715,3,2,0
0,0.25555555555555554,0,0,0,0.75,0.2,5.0,5.0,0.7,5.864015210435496,0,1,0.0,0.5,0.12,0,-1,-1,-1,-1,1.0,0.0,1,2,1
0,0.6111111111111112,0,1,0,0.8268496415906232,0.1464677012059349,5.0,5.0,0.7,6.95327117597189,0,0,0.0,0.5,0.5,2,0,0,0,1,0.4666666666666667,0.4,1,0,0
0,0.7555555555555555,0,0,0,0.75,0.2,5.0,5.0,0.7,5.864015210435496,0,0,0.0,0.5,0.12,2,0,-1,-1,-1,0.5,0.5,1,0,0
1,1.0,0,1,0,0.7379620461151613,0.1566909025643349,5.0,5.0,0.7,6.95327117597189,0,0,0.0,0.5,0.0,0,2,0,0,0,0.5,0.375,1,2,0
0,1.0,0,1,0,0.7379620461151613,0.1566909025643349,5.0,5.0,0.7,6.95327117597189,0,0,0.0,0.5,0.0,2,0,2,0,0,0.47058823529411764,0.4117647058823529,1,2,0
0,1.0,0,1,0,0.75,0.2,5.0,5.0,0.7,6.95327117597189,0,1,0.0,0.5,0.0,2,2,0,2,0,0.4444444444444444,0.4444444444444444,2,2,0
1,0.4222222222222222,0,1,0,0.75,0.2,5.0,5.0,0.7,3.375157702578057,0,0,0.0,0.5,0.12,-1,-1,-1,-1,-1,0.75,0.1,0,1,0
1,0.4222222222222222,0,0,0,0.7217264730189548,0.2719645466394602,5.0,5.0,0.7,5.48480642972858,0,0,0.0,0.5,0.12,-1,-1,-1,-1,-1,0.75,0.1,0,1,0
0,0.5444444444444444,0,1,0,0.8152428395978347,0.2325393700850701,5.0,5.0,0.7,3.375157702578057,0,0,0.0,0.5,0.12,1,-1,-1,-1,-1,0.0,0.0,1,2,0
0,0.5444444444444444,0,1,0,0.75,0.2,5.0,5.0,0.7,3.375157702578057,0,1,0.0,0.5,0.12,2,1,-1,-1,-1,0.0,0.5,1,1,0
0,0.5444444444444444,0,1,0,0.8636650732344431,0.19815123720323,5.0,5.0,0.7,3.375157702578057,1,2,0.0,0.5,0.12,1,2,1,-1,-1,0.0,0.3333333333333333,1,0,0
0,0.5444444444444444,0,1,0,0.8152428395978347,0.2325393700850701,5.0,5.0,0.7,3.375157702578057,0,3,0.0,0.5,0.0,0,1,2,1,-1,0.25,0.25,1,2,0
0,0.5444444444444444,0,1,0,0.75,0.2,5.0,5.0,0.7,3.375157702578057,1,4,0.0,0.5,0.0,2,0,1,2,1,0.2,0.4,1,2,0
1,0.5444444444444444,0,1,0,0.75,0.2,5.0,5.0,0.7,3.375157702578057,0,5,0.0,0.5,0.12,2,2,0,1,2,0.16666666666666666,0.5,2,2,0
1,0.5444444444444444,0,1,0,0.75,0.2,5.0,5.0,0.7,3.375157702578057,0,6,0.0,0.5,0.12,2,2,2,0,1,0.14285714285714285,0.5714285714285714,3,2,0
0,0.5444444444444444,0,1,0,0.75,0.2,5.0,5.0,0.7,3.375157702578057,0,7,0.0,0.5,0.0,2,2,2,2,0,0.125,0.625,4,2,0
0,0.5444444444444444,0,1,0,0.8636650732344431,0.19815123720323,5.0,5.0,0.7,3.375157702578057,0,8,0.0,0.5,0.0,2,2,2,2,2,0.1111111111111111,0.6666666666666666,5,2,0
0,0.5444444444444444,0,1,0,0.8152428395978347,0.2325393700850701,5.0,5.0,0.7,3.375157702578057,0,9,0.0,0.5,0.0,2,2,2,2,2,0.1,0.7,6,0,0
0,0.5555555555555556,0,1,0,0.8152428395978347,0.2325393700850701,5.0,5.0,0.7,3.375157702578057,0,10,0.0,0.5,0.0,0,2,2,2,2,0.18181818181818182,0.6363636363636364,1,0,0
1,0.5555555555555556,0,1,0,0.75,0.2,5.0,5.0,0.7,3.375157702578057,0,11,0.0,0.5,0.0,0,0,2,2,2,0.25,0.5833333333333334,2,2,0
1,0.5555555555555556,0,1,0,0.8521417359424525,0.2665173659810373,5.0,5.0,0.7,3.375157702578057,0,12,0.0,0.5,0.12,2,0,0,2,2,0.23076923076923078,0.6153846153846154,1,2,0
1,0.5555555555555556,0,1,0,0.75,0.2,5.0,5.0,0.7,3.375157702578057,0,13,0.0,0.5,0.0,2,2,0,0,2,0.21428571428571427,0.6428571428571429,2,0,0
1,0.5555555555555556,0,1,0,0.8636650732344431,0.19815123720323,5.0,5.0,0.7,3.375157702578057,0,14,0.0,0.5,0.0,0,2,2,0,0,0.26666666666666666,0.6,1,2,0
1,0.5666666666666667,0,1,0,0.75,0.2,5.0,5.0,0.7,3.375157702578057,0,15,0.0,0.5,0.0,2,0,2,2,0,0.25,0.625,1,2,0
0,0.5666666666666667,0,1,0,0.75,0.2,5.0,5.0,0.7,3.375157702578057,0,16,0.0,0.5,0.0,2,2,0,2,2,0.23529411764705882,0.6470588235294118,2,2,0
0,0.5666666666666667,0,1,0,0.8521417359424525,0.2665173659810373,5.0,5.0,0.7,3.375157702578057,0,17,0.0,0.5,0.0,2,2,2,0,2,0.2222222222222222,0.6666666666666666,3,2,0
0,0.5666666666666667,0,1,0,0.75,0.2,5.0,5.0,0.7,3.375157702578057,0,18,0.0,0.5,0.0,2,2,2,2,0,0.21052631578947367,0.6842105263157895,4,2,0
1,0.5666666666666667,0,0,0,0.75,0.2,5.0,5.0,0.7,5.48480642972858,0,0,0.0,0.5,0.12,1,-1,-1,-1,-1,0.0,0.0,1,2,0
1,0.5666666666666667,0,0,0,0.7217264730189548,0.2719645466394602,5.0,5.0,0.7,5.48480642972858,1,1,0.0,0.5,0.0,2,1,-1,-1,-1,0.0,0.5,1,2,0
0,0.5666666666666667,0,1,0,0.9531769172503118,0.3431430329684209,5.0,5.0,0.7,3.375157702578057,0,19,0.0,0.5,0.12,2,2,2,2,2,0.2,0.7,5,2,0
0,0.5666666666666667,0,1,0,0.8521417359424525,0.2665173659810373,5.0,5.0,0.7,3.375157702578057,0,20,0.0,0.5,0.0,2,2,2,2,2,0.2,0.75,6,2,0
1,0.6222222222222222,0,1,0,0.8152428395978347,0.2325393700850701,5.0,5.0,0.7,3.375157702578057,0,0,0.0,0.5,0.0,2,2,2,2,2,0.2,0.75,7,2,0
1,0.6222222222222222,0,1,0,0.8152428395978347,0.2325393700850701,5.0,5.0,0.7,3.375157702578057,0,1,0.0,0.5,0.0,2,2,2,2,2,0.2,0.8,8,1,0
1,0.6222222222222222,0,1,0,0.8636650732344431,0.19815123720323,5.0,5.0,0.7,3.375157702578057,0,2,0.0,0.5,0.0,1,2,2,2,2,0.15,0.8,1,2,0
0,0.6222222222222222,0,1,0,0.75,0.2,5.0,5.0,0.7,3.375157702578057,1,3,0.0,0.5,0.12,2,1,2,2,2,0.15,0.8,1,2,0
0,0.6222222222222222,0,1,0,0.75,0.2,5.0,5.0,0.7,3.375157702578057,0,4,0.0,0.5,0.0,2,2,1,2,2,0.15,0.8,2,2,0
0,0.6222222222222222,0,1,0,0.8521417359424525,0.2665173659810373,5.0,5.0,0.7,3.375157702578057,0,5,0.0,0.5,0.0,2,2,2,1,2,0.15,0.8,3,2,0
0,0.6222222222222222,0,0,0,0.8268419438175953,0.3033743211046497,5.0,5.0,0.7,5.48480642972858,0,0,0.0,0.5,0.12,2,2,1,-1,-1,0.0,0.6666666666666666,2,2,0
0,0.6222222222222222,0,1,0,0.8521417359424525,0.2665173659810373,5.0,5.0,0.7,3.375157702578057,0,6,0.0,0.5,0.0,2,2,2,2,1,0.15,0.8,4,2,0
0,0.6222222222222222,0,1,0,0.75,0.2,5.0,5.0,0.7,3.375157702578057,0,7,0.0,0.5,0.0,2,2,2,2,2,0.15,0.8,5,2,0
0,0.6333333333333333,0,1,0,0.8636650732344431,0.19815123720323,5.0,5.0,0.7,3.375157702578057,1,8,0.0,0.5,0.0,2,2,2,2,2,0.15,0.8,6,2,0
1,0.6333333333333333,0,1,0,0.75,0.2,5.0,5.0,0.7,3.375157702578057,0,9,0.0,0.5,0.12,2,2,2,2,2,0.1,0.85,7,2,0
1,0.6333333333333333,0,1,0,0.75,0.2,5.0,5.0,0.7,3.375157702578057,0,10,0.0,0.5,0.0,2,2,2,2,2,0.05,0.9,8,0,0
1,0.6333333333333333,0,1,0,0.75,0.2,5.0,5.0,0.7,3.375157702578057,0,11,0.0,0.5,0.0,0,2,2,2,2,0.1,0.85,1,0,1
1,0.6555555555555556,0,0,0,0.75,0.2,5.0,5.0,0.7,5.48480642972858,0,1,0.0,0.5,0.12,2,2,2,1,-1,0.0,0.75,3,1,0
1,0.6555555555555556,0,0,0,0.7217264730189548,0.2719645466394602,5.0,5.0,0.7,5.48480642972858,0,1,0.0,0.5,0.0,1,2,2,2,1,0.0,0.6,1,0,0
1,0.6555555555555556,0,0,0,0.7339448516440351,0.2949089218120513,5.0,5.0,0.7,5.48480642972858,0,2,0.0,0.5,0.12,0,1,2,2,2,0.16666666666666666,0.5,1,0,0
1,0.7555555555555555,0,1,0,0.8152428395978347,0.2325393700850701,5.0,5.0,0.7,3.375157702578057,0,0,0.0,0.5,0.0,0,0,2,2,2,0.15,0.8,2,0,1
0,0.7666666666666667,0,1,0,0.75,0.2,5.0,5.0,0.7,3.375157702578057,0,1,0.0,0.5,0.0,0,0,0,2,2,0.15,0.8,3,1,0
0,0.7666666666666667,0,1,0,0.75,0.2,5.0,5.0,0.7,3.375157702578057,0,2,0.0,0.5,0.0,1,0,0,0,2,0.15,0.75,1,1,0
1,0.7666666666666667,0,1,0,0.75,0.2,5.0,5.0,0.7,3.375157702578057,0,3,0.0,0.5,0.0,1,1,0,0,0,0.15,0.7,2,1,0
1,0.7666666666666667,0,1,0,0.8521417359424525,0.2665173659810373,5.0,5.0,0.7,3.375157702578057,0,4,0.0,0.5,0.0,1,1,1,0,0,0.15,0.65,3,1,0
1,0.7666666666666667,0,1,0,0.8152428395978347,0.2325393700850701,5.0,5.0,0.7,3.375157702578057,0,5,0.0,0.5,0.14285714285714285,1,1,1,1,0,0.15,0.6,4,0,1
0,0.8333333333333334,0,1,0,0.8152428395978347,0.2325393700850701,5.0,5.0,0.7,3.375157702578057,0,0,0.0,0.5,0.25,0,1,1,1,1,0.2,0.55,1,0,0
0,0.8333333333333334,0,1,0,0.75,0.2,5.0,5.0,0.7,3.375157702578057,0,1,0.0,0.5,0.0,0,0,1,1,1,0.25,0.5,2,2,0
0,0.8333333333333334,0,1,0,0.8636650732344431,0.19815123720323,5.0,5.0,0.7,3.375157702578057,0,2,0.0,0.5,0.0,2,0,0,1,1,0.25,0.5,1,1,0
1,0.8333333333333334,0,0,0,0.8073684049879156,0.5558970813580683,5.0,5.0,0.7,5.48480642972858,0,0,0.0,0.5,0.12,0,0,1,2,2,0.2857142857142857,0.42857142857142855,2,1,0
0,0.8333333333333334,0,1,0,0.8870711729339494,0.5134822992770924,5.0,5.0,0.7,3.375157702578057,0,3,0.0,0.5,0.12,1,2,0,0,1,0.25,0.45,1,2,0
1,0.8333333333333334,0,1,0,0.75,0.2,5.0,5.0,0.7,3.375157702578057,0,4,0.0,0.5,0.0,2,1,2,0,0,0.25,0.5,1,2,0
1,0.8333333333333334,0,1,0,0.75,0.2,5.0,5.0,0.7,3.375157702578057,0,5,0.0,0.5,0.0,2,2,1,2,0,0.25,0.5,2,2,0
1,0.8444444444444444,0,1,0,0.8521417359424525,0.2665173659810373,5.0,5.0,0.7,3.375157702578057,0,6,0.0,0.5,0.0,2,2,2,1,2,0.25,0.5,3,2,0
1,0.8444444444444444,0,1,0,0.75,0.2,5.0,5.0,0.7,3.375157702578057,0,7,0.0,0.5,0.0,2,2,2,2,1,0.25,0.5,4,2,0
1,0.8444444444444444,0,1,0,0.75,0.2,5.0,5.0,0.7,3.375157702578057,0,8,0.0,0.5,0.0,2,2,2,2,2,0.25,0.5,5,2,0
0,0.8444444444444444,0,1,0,0.75,0.2,5.0,5.0,0.7,3.375157702578057,0,9,0.0,0.5,0.12,2,2,2,2,2,0.25,0.5,6,2,0
0,0.8444444444444444,0,1,0,0.8636650732344431,0.19815123720323,5.0,5.0,0.7,3.375157702578057,0,10,0.0,0.5,0.0,2,2,2,2,2,0.25,0.5,7,2,0
1,0.8444444444444444,0,0,0,0.75,0.2,5.0,5.0,0.7,5.48480642972858,0,1,0.0,0.5,0.12,1,0,0,1,2,0.25,0.375,1,2,0
0,0.8444444444444444,0,1,0,0.8152428395978347,0.2325393700850701,5.0,5.0,0.7,3.375157702578057,0,11,0.0,0.5,0.2222222222222222,2,2,2,2,2,0.25,0.5,8,1,0
0,0.8444444444444444,0,1,0,0.8636650732344431,0.19815123720323,5.0,5.0,0.7,3.375157702578057,0,12,0.0,0.5,0.0,1,2,2,2,2,0.25,0.45,1,0,0
1,1.0,0,1,0,0.75,0.2,5.0,5.0,0.7,3.375157702578057,0,0,0.0,0.5,0.0,0,1,2,2,2,0.25,0.45,1,2,0
0,1.0,0,0,0,0.75,0.2,5.0,5.0,0.7,5.48480642972858,1,0,0.0,0.5,0.12,2,1,0,0,1,0.2222222222222222,0.4444444444444444,1,2,0
1,1.0,0,1,0,0.75,0.2,5.0,5.0,0.7,3.375157702578057,0,1,0.0,0.5,0.0,2,0,1,2,2,0.2,0.5,1,2,0
1,1.0,0,1,0,0.75,0.2,5.0,5.0,0.7,3.375157702578057,0,2,0.0,0.5,0.12,2,2,0,1,2,0.15,0.55,2,2,0
1,1.0,0,1,0,0.8521417359424525,0.2665173659810373,5.0,5.0,0.7,3.375157702578057,0,3,0.0,0.5,0.0,2,2,2,0,1,0.15,0.6,3,2,0
1,1.0,0,1,0,0.75,0.2,5.0,5.0,0.7,3.375157702578057,0,4,0.0,0.5,0.12,2,2,2,2,0,0.15,0.65,4,2,0
1,1.0,0,1,0,0.75,0.2,5.0,5.0,0.7,3.375157702578057,0,5,0.0,0.5,0.0,2,2,2,2,2,0.15,0.7,5,2,0
0,0.03333333333333333,0,0,0,0.75,0.2,5.0,5.0,0.7,3.0,0,0,0.0,0.5,0.0,2,2,2,2,1,0.14285714285714285,0.7142857142857143,4,0,0
1,0.06666666666666667,0,1,0,0.75,0.2,5.0,5.0,0.7,4.675129700612568,0,0,0.0,0.5,0.12,2,0,0,0,0,0.75,0.125,1,0,0
0,0.2222222222222222,0,0,0,0.75,0.2,5.0,5.0,0.7,3.0,0,0,0.0,0.5,0.0,0,2,2,2,2,0.25,0.625,1,0,0
1,0.23333333333333334,0,0,0,0.75,0.2,5.0,5.0,0.7,3.0,0,1,0.0,0.5,0.0,0,0,2,2,2,0.3333333333333333,0.5555555555555556,2,0,0
1,0.23333333333333334,0,0,0,0.75,0.2,5.0,5.0,0.7,3.0,1,2,0.0,0.5,0.12,0,0,0,2,2,0.4,0.5,3,2,0
1,0.23333333333333334,0,0,0,0.75,0.2,5.0,5.0,0.7,3.0,0,3,0.0,0.5,0.0,2,0,0,0,2,0.36363636363636365,0.5454545454545454,1,2,0
1,0.23333333333333334,0,0,0,0.75,0.2,5.0,5.0,0.7,3.0,1,4,0.0,0.5,0.0,2,2,0,0,0,0.3333333333333333,0.5833333333333334,2,2,0
1,0.4666666666666667,0,1,0,0.75,0.2,5.0,5.0,0.7,4.675129700612568,0,0,0.0,0.5,0.0,0,2,0,0,0,0.7777777777777778,0.1111111111111111,1,1,0
0,0.5111111111111111,0,0,0,0.75,0.2,5.0,5.0,0.7,3.0,0,0,0.0,0.5,0.0,2,2,2,0,0,0.3076923076923077,0.6153846153846154,3,1,1
0,0.6222222222222222,0,1,0,0.75,0.2,5.0,5.0,0.7,4.675129700612568,0,0,0.0,0.5,0.12,1,0,2,0,0,0.7,0.1,1,1,0
0,0.6222222222222222,0,1,0,0.75,0.2,5.0,5.0,0.7,4.675129700612568,0,1,0.0,0.5,0.0,1,1,0,2,0,0.6363636363636364,0.09090909090909091,2,2,0
0,0.6333333333333333,0,1,0,0.75,0.2,5.0,5.0,0.7,4.675129700612568,0,2,0.0,0.5,0.0,2,1,1,0,2,0.5833333333333334,0.16666666666666666,1,0,0
0,0.6333333333333333,0,1,0,0.75,0.2,5.0,5.0,0.7,4.675129700612568,0,3,0.0,0.5,0.12,0,2,1,1,0,0.6153846153846154,0.15384615384615385,1,2,0
0,0.6333333333333333,0,1,0,0.75,0.2,5.0,5.0,0.7,4.675129700612568,1,4,0.0,0.5,0.12,2,0,2,1,1,0.5714285714285714,0.21428571428571427,1,2,0
0,0.6444444444444445,0,0,0,0.75,0.2,5.0,5.0,0.7,3.0,0,0,0.0,0.5,0.14285714285714285,1,2,2,2,0,0.2857142857142857,0.5714285714285714,1,0,0
0,0.6555555555555556,0,0,0,0.75,0.2,5.0,5.0,0.7,3.0,0,1,0.0,0.5,0.0,0,1,2,2,2,0.3333333333333333,0.5333333333333333,1,2,0
1,0.6555555555555556,0,0,0,0.75,0.2,5.0,5.0,0.7,3.0,1,2,0.0,0.5,0.0,2,0,1,2,2,0.3125,0.5625,1,2,0
1,0.6555555555555556,0,0,0,0.75,0.2,5.0,5.0,0.7,3.0,0,3,0.0,0.5,0.0,2,2,0,1,2,0.29411764705882354,0.5882352941176471,2,2,0
1,0.6555555555555556,0,0,0,0.75,0.2,5.0,5.0,0.7,3.0,0,4,0.0,0.5,0.12,2,2,2,0,1,0.2777777777777778,0.6111111111111112,3,2,0
1,0.6555555555555556,0,0,0,0.75,0.2,5.0,5.0,0.7,3.0,0,5,0.0,0.5,0.0,2,2,2,2,0,0.2631578947368421,0.631578947368421,4,2,0
1,0.6555555555555556,0,0,0,0.75,0.2,5.0,5.0,0.7,3.0,1,6,0.0,0.5,0.125,2,2,2,2,2,0.25,0.65,5,1,0
0,0.7666666666666667,0,1,0,0.75,0.2,5.0,5.0,0.7,4.675129700612568,0,0,0.0,0.5,0.0,2,2,0,2,1,0.5333333333333333,0.26666666666666666,2,0,0
1,0.7666666666666667,0,1,0,0.75,0.2,5.0,5.0,0.7,4.675129700612568,0,1,0.0,0.5,0.0,0,2,2,0,2,0.5625,0.25,1,2,0
1,0.7666666666666667,0,1,0,0.75,0.2,5.0,5.0,0.7,4.675129700612568,1,2,0.0,0.5,0.0,2,0,2,2,0,0.5294117647058824,0.29411764705882354,1,0,1
1,0.7888888888888889,0,1,0,0.75,0.2,5.0,5.0,0.7,4.675129700612568,0,3,0.0,0.5,0.0,0,2,0,2,2,0.5555555555555556,0.2777777777777778,1,0,1
0,0.8666666666666667,0,1,0,0.75,0.2,5.0,5.0,0.7,4.675129700612568,0,0,0.0,0.5,0.0,0,0,2,0,2,0.5789473684210527,0.2631578947368421,2,0,0
0,0.8666666666666667,0,1,0,0.75,0.2,5.0,5.0,0.7,4.675129700612568,0,1,0.0,0.5,0.12,0,0,0,2,0,0.6,0.25,3,2,0
0,0.8666666666666667,0,1,0,0.75,0.2,5.0,5.0,0.7,4.675129700612568,1,2,0.0,0.5,0.0,2,0,0,0,2,0.55,0.3,1,2,0
0,0.8666666666666667,0,1,0,0.75,0.2,5.0,5.0,0.7,4.675129700612568,0,3,0.0,0.5,0.0,2,2,0,0,0,0.55,0.35,2,2,0
0,0.8666666666666667,0,1,0,0.75,0.2,5.0,5.0,0.7,4.675129700612568,1,4,0.0,0.5,0.12,2,2,2,0,0,0.5,0.4,3,2,0
0,0.8666666666666667,0,1,0,0.75,0.2,5.0,5.0,0.7,4.675129700612568,0,5,0.0,0.5,0.0,2,2,2,2,0,0.45,0.45,4,2,0
1,0.8666666666666667,0,1,0,0.75,0.2,5.0,5.0,0.7,4.675129700612568,0,6,0.0,0.5,0.0,2,2,2,2,2,0.4,0.5,5,2,0
1,0.8666666666666667,0,1,0,0.75,0.2,5.0,5.0,0.7,4.675129700612568,1,7,0.0,0.5,0.0,2,2,2,2,2,0.35,0.55,6,2,1
0,0.8666666666666667,0,1,0,0.75,0.2,5.0,5.0,0.7,4.675129700612568,1,8,0.0,0.5,0.0,2,2,2,2,2,0.3,0.6,7,2,0
0,0.8666666666666667,0,1,0,0.75,0.2,5.0,5.0,0.7,4.675129700612568,0,9,0.0,0.5,0.0,2,2,2,2,2,0.3,0.6,8,2,0
0,0.8666666666666667,0,1,0,0.75,0.2,5.0,5.0,0.7,4.675129700612568,0,10,0.0,0.5,0.5,2,2,2,2,2,0.25,0.65,9,2,0
0,0.8666666666666667,0,1,0,0.75,0.2,5.0,5.0,0.7,4.675129700612568,0,11,0.0,0.5,0.0,2,2,2,2,2,0.25,0.7,10,2,0
0,0.8666666666666667,0,1,0,0.75,0.2,5.0,5.0,0.7,4.675129700612568,0,12,0.0,0.5,0.0,2,2,2,2,2,0.25,0.75,11,2,0
0,0.8666666666666667,0,1,0,0.75,0.2,5.0,5.0,0.7,4.675129700612568,1,13,0.0,0.5,0.25,2,2,2,2,2,0.25,0.75,12,2,0
1,0.08888888888888889,0,0,0,0.6668083388734232,0.2331121376884779,5.0,5.0,0.7,7.98126047726534,0,0,0.0,0.6666666666666666,0.12,-1,-1,-1,-1,-1,0.75,0.1,0,0,0
0,0.2777777777777778,0,0,0,0.824029062163272,0.3186472628983267,5.0,5.0,0.7,7.98126047726534,0,0,0.0,0.6666666666666666,0.12,0,-1,-1,-1,-1,1.0,0.0,1,0,1
0,0.3333333333333333,0,0,0,0.824029062163272,0.3186472628983267,5.0,5.0,0.7,7.98126047726534,0,0,0.0,0.6666666666666666,1.0,0,0,-1,-1,-1,1.0,0.0,2,0,1
1,0.4777777777777778,0,1,0,0.7359804964496355,0.1819209940739275,5.0,5.0,0.7,7.147696419523138,0,0,0.0,0.6666666666666666,0.12,-1,-1,-1,-1,-1,0.75,0.1,0,0,1
0,0.5666666666666667,0,1,0,0.7359804964496355,0.1819209940739275,5.0,5.0,0.7,7.147696419523138,0,0,0.0,0.6666666666666666,1.0,0,-1,-1,-1,-1,1.0,0.0,1,0,1
0,0.9111111111111111,0,0,0,0.824029062163272,0.3186472628983267,5.0,5.0,0.7,7.98126047726534,0,0,0.0,0.6666666666666666,1.0,0,0,0,-1,-1,1.0,0.0,3,0,0
1,0.9111111111111111,0,1,0,0.75,0.2,5.0,5.0,0.7,7.147696419523138,1,0,0.0,0.6666666666666666,0.12,0,0,-1,-1,-1,1.0,0.0,2,2,0
1,0.9111111111111111,0,1,0,0.7359804964496355,0.1819209940739275,5.0,5.0,0.7,7.147696419523138,1,1,0.0,0.6666666666666666,1.0,2,0,0,-1,-1,0.6666666666666666,0.3333333333333333,1,2,0
0,0.9444444444444444,0,0,0,0.824029062163272,0.3186472628983267,5.0,5.0,0.7,7.98126047726534,0,0,0.0,0.6666666666666666,0.6666666666666666,0,0,0,0,-1,1.0,0.0,4,0,0
0,0.9444444444444444,0,0,0,0.8049836996583455,0.3645800685106767,5.0,5.0,0.7,7.98126047726534,0,1,0.0,0.6666666666666666,0.12,0,0,0,0,0,1.0,0.0,5,0,0
0,0.9555555555555556,0,1,0,0.75,0.2,5.0,5.0,0.7,7.147696419523138,0,0,0.0,0.6666666666666666,0.12,2,2,0,0,-1,0.5,0.5,2,0,0
0,0.9777777777777777,0,0,0,0.824029062163272,0.3186472628983267,5.0,5.0,0.7,7.98126047726534,0,2,0.0,0.6666666666666666,0.5,0,0,0,0,0,1.0,0.0,6,0,0
0,0.9777777777777777,0,0,0,0.9205228992766596,0.2655623785554981,5.0,5.0,0.7,7.98126047726534,1,3,0.0,0.6666666666666666,0.12,0,0,0,0,0,1.0,0.0,7,2,0
0,0.9777777777777777,0,0,0,0.8337977731647759,0.5048736092417851,5.0,5.0,0.7,7.98126047726534,0,4,0.0,0.6666666666666666,0.12,2,0,0,0,0,0.875,0.125,1,2,0
0,0.9777777777777777,0,0,0,0.75,0.2,5.0,5.0,0.7,7.98126047726534,0,5,0.0,0.6666666666666666,0.12,2,2,0,0,0,0.7777777777777778,0.2222222222222222,2,2,0
0,0.9777777777777777,0,0,0,0.9205228992766596,0.2655623785554981,5.0,5.0,0.7,7.98126047726534,0,5,0.0,0.6666666666666666,0.0,2,2,2,0,0,0.7,0.3,3,2,0
1,1.0,0,0,0,0.6668083388734232,0.2331121376884779,5.0,5.0,0.7,7.98126047726534,0,0,0.0,0.6666666666666666,0.0,2,2,2,2,0,0.6363636363636364,0.36363636363636365,4,2,0
1,0.08888888888888889,0,1,0,0.75,0.2,5.0,5.0,0.7,8.45911343472032,0,0,0.0,0.3333333333333333,0.0,0,2,2,2,2,0.2,0.65,1,2,0
1,0.08888888888888889,0,1,0,0.881544825390888,0.3540279876754014,5.0,5.0,0.7,8.45911343472032,0,1,0.0,0.3333333333333333,0.0,2,0,2,2,2,0.2,0.65,1,2,0
1,0.08888888888888889,0,1,0,0.75,0.2,5.0,5.0,0.7,8.45911343472032,0,2,0.0,0.3333333333333333,0.0,2,2,0,2,2,0.2,0.65,2,2,0
1,0.08888888888888889,0,1,0,0.94568928992933,0.1724892715353271,5.0,5.0,0.7,8.45911343472032,0,3,0.0,0.3333333333333333,0.0,2,2,2,0,2,0.2,0.7,3,2,0
1,0.08888888888888889,0,1,0,0.881544825390888,0.3540279876754014,5.0,5.0,0.7,8.45911343472032,0,4,0.0,0.3333333333333333,0.0,2,2,2,2,0,0.2,0.75,4,2,0
1,0.08888888888888889,0,1,0,0.94568928992933,0.1724892715353271,5.0,5.0,0.7,8.45911343472032,0,5,0.0,0.3333333333333333,0.0,2,2,2,2,2,0.15,0.8,5,2,0
0,0.08888888888888889,0,1,0,0.75,0.2,5.0,5.0,0.7,8.45911343472032,0,6,0.0,0.3333333333333333,0.12,2,2,2,2,2,0.15,0.8,6,2,0
1,0.08888888888888889,0,1,0,0.75,0.2,5.0,5.0,0.7,8.45911343472032,0,7,0.0,0.3333333333333333,0.0,2,2,2,2,2,0.1,0.85,7,2,0
1,0.1,0,1,0,0.881544825390888,0.3540279876754014,5.0,5.0,0.7,8.45911343472032,0,8,0.0,0.3333333333333333,0.0,2,2,2,2,2,0.05,0.9,8,2,0
1,0.1,0,1,0,0.7779230013788211,0.177351902287348,5.0,5.0,0.7,8.45911343472032,0,9,0.0,0.3333333333333333,0.0,2,2,2,2,2,0.05,0.9,9,2,0
1,0.1,0,1,0,0.881544825390888,0.3540279876754014,5.0,5.0,0.7,8.45911343472032,0,10,0.0,0.3333333333333333,0.0,2,2,2,2,2,0.05,0.95,10,2,0
1,0.1,0,1,0,0.8698591338198713,0.2281386733778179,5.0,5.0,0.7,8.45911343472032,0,11,0.0,0.3333333333333333,0.0,2,2,2,2,2,0.05,0.95,11,2,0
1,0.1,0,1,0,0.75,0.2,5.0,5.0,0.7,8.45911343472032,0,12,0.0,0.3333333333333333,0.12,2,2,2,2,2,0.05,0.95,12,2,0
0,0.1,0,1,0,0.9061269473344518,0.3400118833747344,5.0,5.0,0.7,8.45911343472032,0,13,0.0,0.3333333333333333,0.12,2,2,2,2,2,0.05,0.95,13,2,0
1,0.1,0,1,0,0.75,0.2,5.0,5.0,0.7,8.45911343472032,0,14,0.0,0.3333333333333333,0.0,2,2,2,2,2,0.05,0.95,14,1,0
0,0.1,0,1,0,0.75,0.2,5.0,5.0,0.7,8.45911343472032,0,15,0.0,0.3333333333333333,0.0,1,2,2,2,2,0.05,0.9,1,1,0
0,0.25555555555555554,0,1,0,0.881544825390888,0.3540279876754014,5.0,5.0,0.7,8.45911343472032,0,0,0.0,0.3333333333333333,0.0,1,1,2,2,2,0.05,0.85,2,0,0
0,0.25555555555555554,0,1,0,0.75,0.2,5.0,5.0,0.7,8.45911343472032,0,1,0.0,0.3333333333333333,0.0,0,1,1,2,2,0.1,0.8,1,2,0
0,0.25555555555555554,0,1,0,0.94568928992933,0.1724892715353271,5.0,5.0,0.7,8.45911343472032,0,2,0.0,0.3333333333333333,0.0,2,0,1,1,2,0.1,0.8,1,2,0
0,0.25555555555555554,0,1,0,0.75,0.2,5.0,5.0,0.7,8.45911343472032,0,3,0.0,0.3333333333333333,0.0,2,2,0,1,1,0.1,0.8,2,2,0
0,0.25555555555555554,0,1,0,0.94568928992933,0.1724892715353271,5.0,5.0,0.7,8.45911343472032,0,4,0.0,0.3333333333333333,0.0,2,2,2,0,1,0.05,0.85,3,2,0
1,0.25555555555555554,0,1,0,0.75,0.2,5.0,5.0,0.7,8.45911343472032,0,5,0.0,0.3333333333333333,0.0,2,2,2,2,0,0.05,0.85,4,2,0
1,0.25555555555555554,0,1,0,0.8698591338198713,0.2281386733778179,5.0,5.0,0.7,8.45911343472032,0,6,0.0,0.3333333333333333,0.0,2,2,2,2,2,0.05,0.85,5,2,0
1,0.25555555555555554,0,1,0,0.75,0.2,5.0,5.0,0.7,8.45911343472032,0,7,0.0,0.3333333333333333,0.0,2,2,2,2,2,0.05,0.85,6,2,0
0,0.25555555555555554,0,1,0,0.9061269473344518,0.3400118833747344,5.0,5.0,0.7,8.45911343472032,0,8,0.0,0.3333333333333333,0.0,2,2,2,2,2,0.05,0.85,7,2,0
0,0.25555555555555554,0,1,0,0.881544825390888,0.3540279876754014,5.0,5.0,0.7,8.45911343472032,0,9,0.0,0.3333333333333333,0.0,2,2,2,2,2,0.05,0.85,8,2,0
0,0.26666666666666666,0,0,0,0.75,0.2,5.0,5.0,0.7,7.314317180526972,0,0,0.0,0.3333333333333333,0.12,0,1,2,1,2,0.4166666666666667,0.25,1,2,0
1,0.26666666666666666,0,1,0,0.9061269473344518,0.3400118833747344,5.0,5.0,0.7,8.45911343472032,0,10,0.0,0.3333333333333333,0.0,2,2,2,2,2,0.05,0.85,9,2,0
1,0.3111111111111111,0,0,0,0.75,0.2,5.0,5.0,0.7,7.314317180526972,0,0,0.0,0.3333333333333333,0.5,2,0,1,2,1,0.38461538461538464,0.3076923076923077,1,0,0
1,0.3111111111111111,0,0,0,0.75,0.2,5.0,5.0,0.7,7.314317180526972,0,1,0.0,0.3333333333333333,0.16666666666666666,0,2,0,1,2,0.42857142857142855,0.2857142857142857,1,2,0
1,0.3111111111111111,0,0,0,0.893187655866068,0.4377719958683113,5.0,5.0,0.7,7.314317180526972,0,2,0.0,0.3333333333333333,0.12,2,0,2,0,1,0.4,0.3333333333333333,1,2,0
1,0.3111111111111111,0,0,0,0.75,0.2,5.0,5.0,0.7,7.314317180526972,0,3,0.0,0.3333333333333333,0.14285714285714285,2,2,0,2,0,0.375,0.375,2,2,0
0,0.3111111111111111,0,0,0,0.893187655866068,0.4377719958683113,5.0,5.0,0.7,7.314317180526972,0,4,0.0,0.3333333333333333,0.0,2,2,2,0,2,0.35294117647058826,0.4117647058823529,3,2,0
0,0.7111111111111111,0,1,0,0.881544825390888,0.3540279876754014,5.0,5.0,0.7,8.45911343472032,0,0,0.0,0.3333333333333333,0.0,2,2,2,2,2,0.05,0.85,10,0,0
0,0.7111111111111111,0,1,0,0.8275904935125621,0.5795572553667024,5.0,5.0,0.7,8.45911343472032,0,1,0.0,0.3333333333333333,0.0,0,2,2,2,2,0.1,0.8,1,2,0
0,0.7222222222222222,0,1,0,0.881544825390888,0.3540279876754014,5.0,5.0,0.7,8.45911343472032,0,2,0.0,0.3333333333333333,0.0,2,0,2,2,2,0.1,0.8,1,2,0
0,0.7222222222222222,0,1,0,0.75,0.2,5.0,5.0,0.7,8.45911343472032,0,3,0.0,0.3333333333333333,0.0,2,2,0,2,2,0.1,0.8,2,2,0
1,0.7222222222222222,0,1,0,0.75,0.2,5.0,5.0,0.7,8.45911343472032,0,4,0.0,0.3333333333333333,0.0,2,2,2,0,2,0.1,0.8,3,2,0
1,0.7222222222222222,0,1,0,0.8698591338198713,0.2281386733778179,5.0,5.0,0.7,8.45911343472032,0,5,0.0,0.3333333333333333,0.0,2,2,2,2,0,0.1,0.8,4,0,0
1,0.8333333333333334,0,0,0,0.75,0.2,5.0,5.0,0.7,7.314317180526972,0,0,0.0,0.3333333333333333,0.3333333333333333,2,2,2,2,0,0.3333333333333333,0.4444444444444444,4,0,0
0,0.9222222222222223,0,0,0,0.75,0.2,5.0,5.0,0.7,7.314317180526972,0,0,0.0,0.3333333333333333,0.12,0,2,2,2,2,0.3684210526315789,0.42105263157894735,1,2,0
1,0.9666666666666667,0,1,0,0.7779230013788211,0.177351902287348,5.0,5.0,0.7,8.45911343472032,0,0,0.0,0.3333333333333333,0.0,0,2,2,2,2,0.15,0.75,1,2,0
1,0.9666666666666667,0,1,0,0.8889502045839563,0.2746167099495429,5.0,5.0,0.7,8.45911343472032,0,1,0.0,0.3333333333333333,0.12,2,0,2,2,2,0.15,0.75,1,2,0
1,0.9666666666666667,0,1,0,0.8698591338198713,0.2281386733778179,5.0,5.0,0.7,8.45911343472032,0,2,0.0,0.3333333333333333,0.0,2,2,0,2,2,0.15,0.8,2,2,0
1,0.9666666666666667,0,1,0,0.7779230013788211,0.177351902287348,5.0,5.0,0.7,8.45911343472032,0,3,0.0,0.3333333333333333,0.0,2,2,2,0,2,0.15,0.85,3,0,0
0,1.0,0,1,0,0.75,0.2,5.0,5.0,0.7,8.45911343472032,0,0,0.0,0.3333333333333333,0.12,0,2,2,2,0,0.15,0.85,1,2,0
0,1.0,0,1,0,0.75,0.2,5.0,5.0,0.7,8.45911343472032,0,1,0.0,0.3333333333333333,0.0,2,0,2,2,2,0.15,0.85,1,2,0
0,1.0,0,1,0,0.75,0.2,5.0,5.0,0.7,8.45911343472032,0,2,0.0,0.3333333333333333,0.0,2,2,0,2,2,0.15,0.85,2,1,0
0,1.0,0,1,0,0.8889502045839563,0.2746167099495429,5.0,5.0,0.7,8.45911343472032,1,3,0.0,0.3333333333333333,0.0,1,2,2,0,2,0.15,0.8,1,2,1
1,0.07777777777777778,0,0,0,0.75,0.2,5.0,5.0,0.7,3.0851058070624373,0,0,0.0,0.75,0.0,2,0,-1,-1,-1,0.5,0.5,1,0,1
0,0.1,0,0,0,0.75,0.2,5.0,5.0,0.7,3.0851058070624373,0,1,0.0,0.75,0.5,0,2,0,-1,-1,0.6666666666666666,0.3333333333333333,1,1,0
0,0.17777777777777778,0,0,0,0.75,0.2,5.0,5.0,0.7,3.0851058070624373,0,0,0.0,0.75,0.12,1,0,2,0,-1,0.5,0.25,1,0,1
1,0.24444444444444444,0,1,0,0.75,0.2,5.0,5.0,0.7,10.295460957236472,0,0,0.0,0.75,0.0,1,0,2,2,2,0.15,0.65,1,0,1
1,0.24444444444444444,0,1,0,0.75,0.2,5.0,5.0,0.7,10.295460957236472,0,1,0.0,0.75,0.2,0,1,0,2,2,0.15,0.65,1,0,0
1,0.24444444444444444,0,1,0,0.75,0.2,5.0,5.0,0.7,10.295460957236472,1,2,0.0,0.75,0.16666666666666666,0,0,1,0,2,0.2,0.6,2,2,0
1,0.24444444444444444,0,1,0,0.8086897805986943,0.1722971262254637,5.0,5.0,0.7,10.295460957236472,1,3,0.0,0.75,0.0,2,0,0,1,0,0.2,0.6,1,2,0
0,0.3,0,0,0,0.75,0.2,5.0,5.0,0.7,3.0851058070624373,0,0,0.0,0.75,0.3333333333333333,0,1,0,2,0,0.6,0.2,1,0,0
0,0.43333333333333335,0,1,0,0.75,0.2,5.0,5.0,0.7,10.295460957236472,0,0,0.0,0.75,0.14285714285714285,2,2,0,0,1,0.2,0.65,2,2,0
1,0.43333333333333335,0,1,0,0.75,0.2,5.0,5.0,0.7,10.295460957236472,0,1,0.0,0.75,0.0,2,2,2,0,0,0.2,0.65,3,0,0
0,0.43333333333333335,0,1,0,0.75,0.2,5.0,5.0,0.7,10.295460957236472,0,2,0.0,0.75,0.12,0,2,2,2,0,0.25,0.6,1,2,0
0,0.43333333333333335,0,0,0,0.7994272072930537,0.3030091855817823,5.0,5.0,0.7,3.0851058070624373,0,0,0.0,0.75,0.12,0,0,1,0,2,0.6666666666666666,0.16666666666666666,2,2,0
1,0.43333333333333335,0,1,0,0.75,0.2,5.0,5.0,0.7,10.295460957236472,0,3,0.0,0.75,0.0,2,0,2,2,2,0.25,0.65,1,2,0
0,0.4888888888888889,0,1,0,0.75,0.2,5.0,5.0,0.7,10.295460957236472,0,0,0.0,0.75,0.125,2,2,0,2,2,0.25,0.65,2,2,0
0,0.5,0,1,0,0.75,0.2,5.0,5.0,0.7,10.295460957236472,0,1,0.0,0.75,0.0,2,2,2,0,2,0.25,0.65,3,2,0
0,0.5,0,1,0,0.75,0.2,5.0,5.0,0.7,10.295460957236472,1,2,0.0,0.75,0.12,2,2,2,2,0,0.25,0.65,4,2,0
1,0.5777777777777777,0,1,0,0.8086897805986943,0.1722971262254637,5.0,5.0,0.7,10.295460957236472,0,0,0.0,0.75,0.0,2,2,2,2,2,0.25,0.65,5,2,0
1,0.5777777777777777,0,1,0,0.75,0.2,5.0,5.0,0.7,10.295460957236472,0,1,0.0,0.75,0.1111111111111111,2,2,2,2,2,0.25,0.7,6,2,1
0,0.7555555555555555,0,1,0,0.75,0.2,5.0,5.0,0.7,10.295460957236472,0,0,0.0,0.75,0.2,2,2,2,2,2,0.25,0.7,7,2,0
0,0.7555555555555555,0,1,0,0.8086897805986943,0.1722971262254637,5.0,5.0,0.7,10.295460957236472,0,1,0.0,0.75,0.0,2,2,2,2,2,0.25,0.7,8,1,0
0,0.7555555555555555,0,1,0,0.75,0.2,5.0,5.0,0.7,10.295460957236472,0,2,0.0,0.75,0.18181818181818182,1,2,2,2,2,0.2,0.7,1,2,0
0,0.7555555555555555,0,1,0,0.8086897805986943,0.1722971262254637,5.0,5.0,0.7,10.295460957236472,0,3,0.0,0.75,0.0,2,1,2,2,2,0.2,0.7,1,2,0
0,0.7555555555555555,0,1,0,0.75,0.2,5.0,5.0,0.7,10.295460957236472,0,4,0.0,0.75,0.16666666666666666,2,2,1,2,2,0.2,0.7,2,2,0
0,0.7555555555555555,0,1,0,0.8086897805986943,0.1722971262254637,5.0,5.0,0.7,10.295460957236472,0,5,0.0,0.75,0.0,2,2,2,1,2,0.2,0.7,3,1,0
0,0.7555555555555555,0,1,0,0.75,0.2,5.0,5.0,0.7,10.295460957236472,0,6,0.0,0.75,0.0,1,2,2,2,1,0.15,0.7,1,2,0
0,0.7555555555555555,0,1,0,0.8086897805986943,0.1722971262254637,5.0,5.0,0.7,10.295460957236472,0,7,0.0,0.75,0.0,2,1,2,2,2,0.15,0.75,1,2,0
0,0.7666666666666667,0,1,0,0.8086897805986943,0.1722971262254637,5.0,5.0,0.7,10.295460957236472,1,8,0.0,0.75,0.0,2,2,1,2,2,0.1,0.8,2,1,0
0,0.7666666666666667,0,1,0,0.75,0.2,5.0,5.0,0.7,10.295460957236472,0,9,0.0,0.75,0.15384615384615385,1,2,2,1,2,0.05,0.8,1,2,1
1,0.07777777777777778,0,1,0,0.868703549803488,0.2278833593274579,4.0,6.0,0.7,4.221715898927068,0,0,0.0,0.7,0.5,0,0,0,1,2,0.6923076923076923,0.23076923076923078,3,0,1
1,0.4666666666666667,0,1,0,0.868703549803488,0.2278833593274579,4.0,6.0,0.7,4.221715898927068,0,0,0.0,0.7,0.5714285714285714,0,0,0,0,1,0.7142857142857143,0.21428571428571427,4,0,0
0,0.5555555555555556,0,0,0,0.7520148717672548,0.4327893045264978,5.0,5.0,0.7,7.589370781006962,0,0,0.0,0.7,0.12,2,0,0,1,2,0.375,0.5,1,0,0
0,0.5555555555555556,0,0,0,0.75,0.2,5.0,5.0,0.7,7.589370781006962,0,1,0.0,0.7,0.0,0,2,0,0,1,0.4444444444444444,0.4444444444444444,1,0,0
1,0.5555555555555556,0,1,0,0.75,0.2,4.0,6.0,0.7,4.221715898927068,1,0,0.0,0.7,0.12,0,0,0,0,0,0.7333333333333333,0.2,5,2,0
1,0.5555555555555556,0,1,0,0.8203759781200767,0.2195695567425981,4.0,6.0,0.7,4.221715898927068,0,1,0.0,0.7,0.12,2,0,0,0,0,0.6875,0.25,1,2,0
0,0.5555555555555556,0,0,0,0.75,0.2,5.0,5.0,0.7,7.589370781006962,0,2,0.0,0.7,0.12,0,0,2,0,0,0.5,0.4,2,2,0
0,0.5555555555555556,0,0,0,0.765414839254618,0.2259525247702806,5.0,5.0,0.7,7.589370781006962,1,3,0.0,0.7,0.0,2,0,0,2,0,0.45454545454545453,0.45454545454545453,1,2,0
0,0.5555555555555556,0,0,0,0.7520148717672548,0.4327893045264978,5.0,5.0,0.7,7.589370781006962,1,4,0.0,0.7,0.0,2,2,0,0,2,0.4166666666666667,0.5,2,2,0
0,0.5555555555555556,0,0,0,0.765414839254618,0.2259525247702806,5.0,5.0,0.7,7.589370781006962,0,5,0.0,0.7,0.0,2,2,2,0,0,0.38461538461538464,0.5384615384615384,3,2,0
1,0.5888888888888889,0,1,0,0.868703549803488,0.2278833593274579,4.0,6.0,0.7,4.221715898927068,0,0,0.0,0.7,0.5,2,2,0,0,0,0.6470588235294118,0.29411764705882354,2,0,0
0,0.5888888888888889,0,0,0,0.75,0.2,5.0,5.0,0.7,7.589370781006962,0,0,0.0,0.7,0.12,2,2,2,2,0,0.35714285714285715,0.5714285714285714,4,2,0
1,0.5888888888888889,0,1,0,0.8840340938468532,0.282077795358585,4.0,6.0,0.7,4.221715898927068,0,1,0.0,0.7,0.0,0,2,2,0,0,0.6666666666666666,0.2777777777777778,1,2,0
1,0.5888888888888889,0,1,0,0.7297816499165585,0.6011672581198159,4.0,6.0,0.7,4.221715898927068,0,2,0.0,0.7,0.12,2,0,2,2,0,0.631578947368421,0.3157894736842105,1,2,0
0,0.5888888888888889,0,1,0,0.75,0.2,4.0,6.0,0.7,4.221715898927068,0,3,0.0,0.7,0.25,2,2,0,2,2,0.6,0.35,2,2,0
1,0.5888888888888889,0,1,0,0.75,0.2,4.0,6.0,0.7,4.221715898927068,0,4,0.0,0.7,0.0,2,2,2,0,2,0.55,0.4,3,2,0
0,0.5888888888888889,0,1,0,0.894540429413737,0.3966684297628596,4.0,6.0,0.7,4.221715898927068,0,5,0.0,0.7,1.0,2,2,2,2,0,0.5,0.45,4,2,0
0,0.5888888888888889,0,1,0,0.75,0.2,4.0,6.0,0.7,4.221715898927068,0,6,0.0,0.7,0.0,2,2,2,2,2,0.5,0.45,5,2,0
0,0.5888888888888889,0,1,0,0.9418568545020276,0.3152601722604705,4.0,6.0,0.7,4.221715898927068,0,7,0.0,0.7,0.12,2,2,2,2,2,0.45,0.5,6,2,0
0,0.5888888888888889,0,1,0,0.75,0.2,4.0,6.0,0.7,4.221715898927068,0,8,0.0,0.7,0.0,2,2,2,2,2,0.4,0.55,7,2,0
0,0.5888888888888889,0,1,0,0.9418568545020276,0.3152601722604705,4.0,6.0,0.7,4.221715898927068,0,9,0.0,0.7,0.0,2,2,2,2,2,0.35,0.6,8,2,0
1,0.5888888888888889,0,1,0,0.8840340938468532,0.282077795358585,4.0,6.0,0.7,4.221715898927068,0,10,0.0,0.7,0.0,2,2,2,2,2,0.3,0.65,9,2,0
0,0.6,0,1,0,0.75,0.2,4.0,6.0,0.7,4.221715898927068,0,11,0.0,0.7,0.2,2,2,2,2,2,0.3,0.65,10,2,0
0,0.6,0,1,0,0.8203759781200767,0.2195695567425981,4.0,6.0,0.7,4.221715898927068,0,12,0.0,0.7,0.0,2,2,2,2,2,0.3,0.65,11,2,0
1,0.6,0,1,0,0.9418568545020276,0.3152601722604705,4.0,6.0,0.7,4.221715898927068,0,13,0.0,0.7,0.0,2,2,2,2,2,0.3,0.7,12,2,0
1,0.6,0,1,0,0.8203759781200767,0.2195695567425981,4.0,6.0,0.7,4.221715898927068,0,14,0.0,0.7,0.0,2,2,2,2,2,0.25,0.75,13,2,0
1,0.6,0,1,0,0.75,0.2,4.0,6.0,0.7,4.221715898927068,0,15,0.0,0.7,0.12,2,2,2,2,2,0.2,0.8,14,2,0
1,0.6,0,1,0,0.8203759781200767,0.2195695567425981,4.0,6.0,0.7,4.221715898927068,1,16,0.0,0.7,0.0,2,2,2,2,2,0.15,0.85,15,2,0
1,0.6,0,1,0,0.8840340938468532,0.282077795358585,4.0,6.0,0.7,4.221715898927068,0,17,0.0,0.7,0.0,2,2,2,2,2,0.1,0.9,16,2,0
0,0.6,0,1,0,0.9418568545020276,0.3152601722604705,4.0,6.0,0.7,4.221715898927068,0,18,0.0,0.7,0.0,2,2,2,2,2,0.05,0.95,17,2,0
0,0.6,0,1,0,0.894540429413737,0.3966684297628596,4.0,6.0,0.7,4.221715898927068,0,19,0.0,0.7,0.5,2,2,2,2,2,0.05,0.95,18,2,0
0,0.6,0,1,0,0.8426058975174044,0.1737438732848253,4.0,6.0,0.7,4.221715898927068,1,20,0.0,0.7,0.12,2,2,2,2,2,0.05,0.95,19,2,0
0,0.6,0,1,0,0.894540429413737,0.3966684297628596,4.0,6.0,0.7,4.221715898927068,0,21,0.0,0.7,0.3333333333333333,2,2,2,2,2,0.0,1.0,20,2,0
0,0.6,0,1,0,0.8426058975174044,0.1737438732848253,4.0,6.0,0.7,4.221715898927068,0,22,0.0,0.7,0.0,2,2,2,2,2,0.0,1.0,21,2,0
0,0.6,0,1,0,0.894540429413737,0.3966684297628596,4.0,6.0,0.7,4.221715898927068,0,23,0.0,0.7,0.25,2,2,2,2,2,0.0,1.0,22,2,0
1,0.6,0,1,0,0.8840340938468532,0.282077795358585,4.0,6.0,0.7,4.221715898927068,0,24,0.0,0.7,0.0,2,2,2,2,2,0.0,1.0,23,2,0
1,0.8333333333333334,0,0,0,0.75,0.2,5.0,5.0,0.7,7.589370781006962,0,0,0.0,0.7,0.12,2,2,2,2,2,0.3333333333333333,0.6,5,1,0
1,0.8333333333333334,0,0,0,0.75,0.2,5.0,5.0,0.7,7.589370781006962,0,1,0.0,0.7,0.12,1,2,2,2,2,0.3125,0.5625,1,0,1
