manager,directness,width,tempo,raw_directness,raw_width,raw_tempo
Nenad Bjelica,4,7,10,0.22685185185185186,0.35462962962962963,1006.0
Xabier Alonso Olano,4,6,10,0.22588770772216749,0.32379797841616165,946.3126115366481
Sebastian Hoeneß,4,6,10,0.2159484192133212,0.34137029973734456,1005.2331468781597
Edin Terzić,4,7,10,0.23157184771510944,0.3525769755634098,991.7483735807648
Steffen Baumgart,4,6,10,0.22460776218001652,0.3261767134599505,900.0
Heiko Butscher,5,5,10,0.25313807531380755,0.27510460251046026,891.0
Pellegrino Matarazzo,4,6,10,0.24134773199501106,0.32401856305142035,964.1480982847768
Ole Werner,4,6,10,0.21921648525849172,0.30569635638506715,903.3056310091982
Dino Toppmöller,4,6,10,0.22226551657837593,0.3122792426698748,953.401751325057
Jess Christian Thorup,4,6,10,0.23756964798520855,0.33443112537844105,877.3142510376067
Torsten Lieberknecht,4,5,10,0.23177953965344528,0.2998735151275447,960.1516995980494
Bo Henriksen,4,6,10,0.22355105795768165,0.32566697332106714,1008.9999999999999
Niko Kovač,4,7,10,0.22790969327964355,0.3542149938675593,869.0260546455504
Christian Streich,4,5,10,0.2203226937358254,0.29443413901343407,884.4261606108258
Thomas Tuchel,4,6,10,0.22097722408570644,0.32611246422071427,1031.4248177270852
Urs Fischer,4,5,10,0.23150357995226734,0.29594272076372313,858.0
Frank Schmidt,4,5,10,0.22124883715266258,0.29286946333114244,1061.5413805570224
Timo Schultz,4,7,10,0.24668435013262596,0.38992042440318303,828.0
Gerardo Seoane Castro,4,6,10,0.21280387308734097,0.3227594188602384,962.3768009308243
Marco Rose,4,6,10,0.204726180591241,0.3499424818848191,956.9494334673168
Thomas Letsch,4,6,10,0.21284080914687775,0.3007915567282322,989.0
Bo Svensson,4,6,10,0.22719449225473323,0.3003442340791738,893.0
Roger Schmidt,4,6,10,0.24943270932864786,0.3232655089501571,1165.3637563101543
Ralph Hasenhüttl,4,5,10,0.24852660173022742,0.2829903776607185,1180.9856222088574
André Schubert,4,6,10,0.24737216657799654,0.3261959633770314,1116.6894256393036
Pál Dárdai,4,7,10,0.2465915581947468,0.3742696126320562,1140.1099936202452
André Breitenreiter,5,7,10,0.2723319505260217,0.3670641694355482,1207.325256059549
Peter Stöger,5,6,10,0.2504691899620426,0.30343625472722563,1080.046728565607
Dieter Hecking,4,6,10,0.24429545128568989,0.33892040640308624,1205.7418706430192
Jürgen Kramny,5,6,10,0.2665198237885463,0.34251101321585903,1210.0
Bruno Labbadia,4,6,10,0.22951520159056965,0.3039232487878955,1233.263401115464
Markus Weinzierl,5,6,10,0.25033417883500736,0.34413818061251633,1129.3248772815384
Viktor Skripnik,4,5,10,0.2415335270327143,0.2947787364707546,1187.724570387296
Martin Schmidt,4,6,10,0.2202258205416967,0.32864727328818183,1225.8993777132425
Markus Krösche,4,6,10,0.22045454545454546,0.3215909090909091,1331.0000000000002
Dirk Schuster,5,5,10,0.2536109719334015,0.27219408854669463,1127.804168394332
Josep Guardiola i Sala,4,6,10,0.24396661230920577,0.3142964052179648,1090.2235085922794
Thomas Schaaf,5,7,10,0.2702078521939954,0.3568129330254042,1176.0
Huub Stevens,5,6,10,0.27197518097207857,0.3474663908996898,1117.0
Armin Veh,4,6,10,0.22146892655367234,0.34576271186440677,1183.0
Alexander Zorniger,5,6,10,0.25227272727272726,0.30113636363636365,1240.0
Michael Frontzeck,4,6,10,0.248642779587405,0.30836047774158526,1188.0
Markus Gisdol,4,6,10,0.23241206030150757,0.30904522613065327,1240.0
Mauricio Roberto Pochettino Trossero,4,7,10,0.23759177257237934,0.3632449408568375,971.7436157245198
Jürgen Klopp,4,6,10,0.22092262925860084,0.32271949041526626,986.6757975928391
Zinédine Zidane,4,6,10,0.24397021059852106,0.3349579249736264,1036.4752136711093
Massimiliano Allegri,5,6,10,0.2506565996589013,0.33924861404593315,1009.0969210238939
Diego Pablo Simeone,4,7,10,0.2340521500331086,0.368663728474334,1045.0209112791238
Luis Enrique Martínez García,4,6,10,0.23335263445422602,0.3425906872827305,1019.8886212922461
Carlo Ancelotti,4,6,10,0.2377585745790567,0.3330474411401548,1148.5175072820234
Josef Heynckes,5,6,10,0.254410514201159,0.3193203630340729,1218.6292391385598
Roberto Di Matteo,5,6,10,0.2592885375494071,0.32806324110671936,1485.0000000000002
Alex Ferguson,4,5,10,0.23545902628670776,0.29952125370506333,1053.4533427985657
Louis van Gaal,4,7,10,0.23038292624594908,0.3515735792895117,1023.0870891825386
José Mario Felix dos Santos Mourinho,4,6,10,0.24899193169612902,0.32450832661024803,1044.9730945579608
Rafael Benítez Maudes,5,6,10,0.26456927845966755,0.30915045675718,1295.9927718339854
Didier Deschamps,4,7,10,0.23914700737694292,0.3775243795672912,968.8646473117276
,4,6,10,0.2413754953215436,0.3110035520814843,1048.259884688737
Ștefan Kovács,5,6,10,0.28273441507414515,0.3014995020633927,1332.3202648857814
Cestmir Vycpalek,5,6,10,0.28484107579462103,0.30440097799511007,1345.0
Giovanni Invernizzi,5,5,10,0.2785276073619632,0.29570552147239265,1307.0
Rinus Michels,5,5,10,0.27190922033960896,0.257987459199791,1200.8860547401532
Ferenc Puskás,5,4,10,0.284789644012945,0.23624595469255663,1333.0
Dorival Silvestre Júnior,4,6,10,0.23920331566706066,0.30649528706538753,953.4278101824955
Néstor Gabriel Lorenzo,4,6,10,0.2373678873282869,0.33055094539849333,1004.7984964547979
Heimir Hallgrímsson,4,6,10,0.24612768732694162,0.30091360316384574,956.3984595920438
Fernando Ariel Batista,5,6,10,0.25538564518069196,0.310995175635993,1022.4038362786733
Marcelo Alberto Bielsa Caldera,5,6,10,0.25160028787933264,0.3085934173157875,1001.368944738593
Antônio Carlos Zago,4,7,10,0.23993418232317493,0.3636485595509229,939.0789071600748
Jorge Daniel Fossati Lurachi,5,7,10,0.25819204095416237,0.35378246535526015,970.7334811569482
Ricardo Alberto Gareca Nardi,4,6,10,0.2465012556102002,0.30655348218757966,996.7191706187173
Félix Sánchez Bas,4,6,10,0.2366187526174025,0.3177079604433708,968.5576520814996
Lionel Sebastián Scaloni,4,6,10,0.24026701775773213,0.31888459680341374,983.0982072855916
Daniel Oscar Garnero,4,6,10,0.24097864791819315,0.3096978950685113,959.4480401391902
Gregg Berhalter,4,6,10,0.23866728537006263,0.3091841886075732,915.6264553615173
Jaime Arturo Lozano Espín,4,5,10,0.2274204043595081,0.2983068992805123,1056.3182425803038
Jesse Marsch,5,6,10,0.25754661538101237,0.31656906769753157,1001.7365640861739
Gustavo Julio Alfaro,4,7,10,0.24724415088288768,0.3597534423901567,956.888321037945
Thomas Christiansen Tarín,4,6,10,0.2473305202279909,0.30648248705461545,873.5962604130781
John Herdman,5,6,10,0.254659011142372,0.34412123991759397,971.9392011705755
Walid Regragui,4,7,10,0.24191324880260429,0.3600104007123584,976.1903767990665
Gareth Southgate,4,6,10,0.22020748914342603,0.3414613453746575,865.8919503105272
Carlos Manuel Brito Leal Queiróz,4,6,10,0.24441854461623438,0.33329828866710126,968.6678515378529
Zlatko Dalić,4,6,10,0.2236092559579854,0.34833942758630676,944.6309971133376
Roberto Martínez Montoliú,4,7,10,0.2309351649124981,0.3924103412676305,994.1707719957247
Hajime Moriyasu,4,6,10,0.2194736060634208,0.32235268905065273,902.6942977104098
Robert Page,4,6,10,0.2414170039357502,0.32853117273629634,943.1225469355545
Jalel Kadri,4,6,10,0.23449479635278758,0.3327760727539208,1086.1032977016578
Murat Yakin,4,7,10,0.23017381314447993,0.3667449702313609,924.4010438257332
Rigobert Song Bahanag,5,7,10,0.2513863216266174,0.378003696857671,937.0
Fernando Manuel Fernandes da Costa Santos,4,6,10,0.24281784047898972,0.34866234837262855,961.9619881641784
Otto Addo,4,7,10,0.24166666666666667,0.3509259259259259,1060.0
Aliou Cissé,4,7,10,0.23771427558317204,0.35737652648200674,990.9204836912996
Czesław Michniewicz,4,6,10,0.24306581842450178,0.3374583519900148,937.7775984832732
Hervé Renard,4,6,10,0.2396618202385359,0.33487601428505004,1079.6952282372656
Kasper Hjulmand,4,6,10,0.22413888301146837,0.326232750568692,898.4079595302612
Hans-Dieter Flick,4,5,10,0.2490851719409884,0.2911768890614185,1010.6101978783315
Gerardo Daniel Martino,4,6,10,0.23387359267695867,0.32160411626664426,974.9203654271914
Adenor Leonardo Bacchi,4,6,10,0.22338296062929394,0.34833439666905713,950.4781346763131
Luis Fernando Suárez Guzman,4,5,10,0.24440898575282827,0.29614568120757473,997.6044994970097
Dragan Stojković,4,6,10,0.22062334327254857,0.3337110792624185,878.9778899947145
Graham James Arnold,4,6,10,0.22811895355305814,0.3322114570613476,1026.5037286621314
Diego Martín Alonso López,4,6,10,0.22265246853823814,0.3107454017424976,878.0
Paulo Jorge Gomes Bento,4,6,10,0.22265246853823814,0.3107454017424976,878.0
Hoalid Regragui,5,6,10,0.25612244897959185,0.3193877551020408,995.0
Akira Nishino,4,6,10,0.2244474034568705,0.34752767920841987,932.7526987836776
Hernán Darío Gómez Jaramillo,4,6,10,0.2376235005882022,0.3205498287605813,897.2816390996678
Adam Nawałka,4,6,10,0.22643441472203396,0.3305077430661179,979.7603806814086
Mladen Krstajić,4,6,10,0.2365218944113187,0.31734854341408253,1054.9145006430256
Vladimir Petković,4,7,10,0.24686430621238617,0.353714103012288,1136.1809896139046
Jan Olof Andersson,4,6,10,0.23333499953924697,0.3456331981750404,949.1381588493903
Tae-Yong Shin,4,6,10,0.23460082718424524,0.33687231244336974,1042.0427496784873
Joachim Löw,4,7,10,0.24574287021450053,0.3710148768496581,931.4392043809997
Juan Carlos Osorio Arbeláez,5,7,10,0.2688924797458917,0.37458640713669705,1064.9202008642228
Fernando Ruiz Hierro,4,7,10,0.23369596872054774,0.37538840261468875,892.6448739104292
Óscar Washington Tabárez Silva,4,6,10,0.2315330701246917,0.3289535377307072,996.6766739491628
Juan Antonio Pizzi Torroja,4,6,10,0.21682551211369383,0.34265166403206093,1018.9086976584313
Jorge Luis Sampaoli Moya,4,7,10,0.22241179451702717,0.37929198382241736,914.4669591650481
José Néstor Pekerman,4,6,10,0.24528536844307233,0.3098356360197613,1081.0166410756472
Nabil Maâloul,4,6,10,0.23196666740061475,0.3394343051829694,973.1139965706237
Stanislav Cherchesov,4,7,10,0.24463979933916807,0.3733397313468954,1048.6791837253197
Héctor Raúl Cúper,4,6,10,0.22103265375466705,0.3159148121115241,1062.656660810574
Óscar Antonio Ramírez Hernández,5,6,10,0.25830992036903455,0.32778778160162375,984.3693759824
Åge Fridtjof Hareide,4,5,10,0.23595505617977527,0.28330658105939005,1214.0
Gernot Rohr,4,6,10,0.23835745363932942,0.3011486058282987,992.4344507098972
Lambertus van Marwijk,5,7,10,0.26165120060886443,0.38968275608382397,980.0569982853119
Sebastião Barroso Lazaroni,5,5,10,0.2749691738594328,0.25770653514180025,1181.0
Carlos Salvador Bilardo,5,5,10,0.2717259161501003,0.2533122078691909,1163.1342877301818
Guy Thys,5,4,10,0.2809917355371901,0.20661157024793386,1067.0
Franz Beckenbauer,5,4,10,0.26695526695526695,0.22655122655122656,1093.0
Bobby Robson,4,5,10,0.23472920978162984,0.29051361043692353,1159.4673646853034
Georg Buschner,5,5,10,0.2528023127884435,0.2736474968902791,1084.8609930497073
Helmut Schön,5,5,10,0.27717222330770624,0.26861332084816414,1114.0829267003915
Mário Jorge Lobo Zagallo,5,5,10,0.2617410963016033,0.2570883915719582,1174.5158662419672
Vladislao Wenceslao Cap,6,6,10,0.3139784946236559,0.3053763440860215,1213.0
Alfred Ernest Ramsey,5,6,10,0.296794208893485,0.344364012409514,1229.0
Waldyr Pereira,5,4,10,0.2908530318602261,0.23535457348406988,1203.0000000000002
Angelo Niculescu,5,5,10,0.2837209302325581,0.291860465116279,1195.0
Ferruccio Valcareggi,5,5,10,0.27307692307692305,0.27564102564102566,1063.0
Juan Eduardo Hohberg,6,6,10,0.3022700119474313,0.34050179211469533,1155.0
Jozef Marko,6,5,10,0.30217391304347824,0.2826086956521739,1265.0
Aymoré Moreira,6,4,10,0.3018065887353879,0.2199787460148778,1384.0
Ignacio Trelles,6,4,10,0.3018065887353879,0.2199787460148778,1384.0
Vicente Ítalo Feola,5,5,10,0.2823163415199053,0.2651055413056451,1487.52612480352
George Raynor,5,5,10,0.2913978494623656,0.27204301075268816,1493.0
Albert Batteux,5,5,10,0.27314814814814814,0.25810185185185186,1482.0
Pablo Javier Machín Díez,4,6,10,0.22942455073281223,0.3028038722704662,1000.8458232084381
Ronald Koeman,4,6,10,0.23423361339496723,0.32676623415217204,892.110832717799
Diego Martínez Penas,4,6,10,0.22309024261842328,0.3071339262689166,879.9772539909951
Eduardo Germán Coudet,4,6,10,0.22148209825145712,0.33305578684429643,1132.0
Manuel Luis Pellegrini Ripamonti,4,6,10,0.24856265998769944,0.3244421974249542,935.6536599403753
Jagoba Arrasate Elustondo,4,6,10,0.2354001620822221,0.33730669013053904,1015.9923069202334
Francisco José López Fernández,4,7,10,0.24303297795509335,0.35978191692267436,979.560593674044
Unai Emery Etxegoien,4,6,10,0.22440429337578754,0.3228549379925691,987.3108843374577
Óscar García Junyent,4,6,10,0.2265538792243226,0.31731547584338504,1010.6662508833136
Miguel Ángel Sánchez Muñoz,5,6,10,0.25144819818359365,0.3220759664376832,1013.3202742784371
Julen Lopetegui Argote,4,6,10,0.22992061809884964,0.3378388372070163,988.8822662752415
José Bordalás Jiménez,4,6,10,0.21576863582379988,0.3198214445665201,862.702567596356
Javier Gracia Carlos,4,6,10,0.22693199392322258,0.33729469121669925,920.1428280592507
Juan José Rojo Martín,4,6,10,0.20633750921149593,0.344141488577745,1080.0
Imanol Alguacil Barrenetxea,4,6,10,0.22945403366843328,0.31190373359705026,1005.2283575435657
Sergio González Soriano,4,6,10,0.2427786461882053,0.3418004167802054,1070.3809614490578
Álvaro Cervera Díaz,4,5,10,0.2255849979577224,0.28080682936415874,951.196615005094
Marcelino García Toral,4,6,10,0.2385942278673604,0.3446932896945558,999.3021718330309
Abelardo Fernández Antuña,4,6,10,0.2322607290556242,0.3091858359739629,897.0936486923692
Francisco Escriba Segura,4,6,10,0.22486226725931222,0.3352218557618596,869.2068462298148
Enrique Setién Solar,4,6,10,0.23054214918706606,0.3237231882353492,967.3042271079084
José Luis Mendilibar Etxebarria,4,6,10,0.22994711609015347,0.3461271653383096,1035.2029966640964
Javier Aguirre Onaindía,4,7,10,0.21796938502873267,0.3622525367665202,941.6378782405964
Ernesto Valverde Tejedor,4,6,10,0.23935086709116762,0.3354058503622526,1014.7738979732608
Javier Calleja Revilla,4,7,10,0.23181708735785136,0.3522112486736767,981.424856976144
Vicente Moreno Peris,4,5,10,0.23816123891179344,0.2990815239988529,1009.0618575607507
Albert Celades López,4,7,10,0.2221297836938436,0.3618968386023294,868.0
Juan Ramón López Muñiz,4,6,10,0.24400716444657872,0.3132306453364867,945.4424945545629
Gaizka Garitano Aguirre,4,6,10,0.22627375864851956,0.30122926255178323,981.1902812845606
Francisco Joaquín Pérez Rufete,4,6,10,0.22530329289428075,0.33015597920277295,832.0
Joan Francesc Ferrer Sicilia,4,6,10,0.247494226839649,0.34517458468173096,964.201813421046
Asier Garitano Aguirrezábal,4,6,10,0.23088895565502804,0.3289570909206371,1008.7979426563805
Mauricio Pellegrino,4,6,10,0.23937997791039173,0.3277035859262835,1015.6956006821804
José Miguel Azevedo Cardoso,4,6,10,0.24732142857142858,0.3455357142857143,1095.0
Eusebio Sacristán Mena,4,6,10,0.24905395885555964,0.33960659295989987,1049.9201671201974
Leonardo Neoren Franco,4,6,10,0.24108003857280616,0.3114754098360656,819.0
"José Ignacio Fernández García, José Bordalás Jiménez",4,7,10,0.23244147157190637,0.3887959866220736,965.0
Manuel Eduardo Berizzo,4,5,10,0.23472651525734348,0.289986269485886,1107.0293896904857
Santiago Hernán Solari Poggio,4,6,10,0.2471590909090909,0.3106060606060606,1082.0
Clarence Seedorf,5,7,10,0.2628475147430497,0.3605728727885425,1013.0000000000001
José Ángel Ziganda Lacunza,4,6,10,0.23873595225791333,0.34760100858025345,1149.8894915369167
Francisco Jémez Martín,4,6,10,0.24128125625802369,0.3244184571888986,1120.8834623607559
Francisco Martín Ayestarán Barandiarán,5,6,10,0.252806493006449,0.3298259005386559,1071.0004520815232
"Eder Sarabia Armesto, Enrique Setién Solar",4,7,10,0.23713235294117646,0.3667279411764705,1084.0
Enrique Sánchez Flores,4,6,10,0.22637781575845778,0.32977062717580624,1070.2826946753075
Juan Carlos Unzué Labiano,4,6,10,0.23537581724893383,0.3375050368522488,1070.2793842204237
Vincenzo Montella,4,7,10,0.22532278557203606,0.3612192199404279,913.2053119407731
"Juan Rubén Uría Corral, Marcelino García Toral",4,7,10,0.24436741767764297,0.35181975736568455,990.0
José Miguel González Martín del Campo,4,7,10,0.24710991201097796,0.3529586551093303,1116.5702846476472
Luis Francisco Zubeldía,5,6,10,0.25,0.32899628252788105,996.0000000000001
Cristóbal Parralo Aguilera,5,7,10,0.2688927943760984,0.3848857644991213,1117.0
Joaquín de Jesús Caparrós Camino,4,6,10,0.2412703385226652,0.316315965030833,966.2257347165507
Gustavo Augusto Poyet Domínguez,4,6,10,0.21878121878121878,0.34565434565434566,882.0
Víctor Sánchez del Amo,4,6,10,0.24463370423565176,0.3439193647657289,1059.5093708913873
Petar Vasiljević,4,6,10,0.2275179856115108,0.3381294964028777,873.0
Salvador González Marco,5,6,10,0.25347143199606315,0.34793857426515373,998.0992744685873
Claudio Cesare Prandelli,5,7,10,0.2520242914979757,0.354251012145749,954.0
José Mel Pérez,5,5,10,0.26332036639840095,0.2999085639703604,1068.0377006770616
Luis Lucas Alcaraz González,4,7,10,0.23269384034483792,0.35397466997138566,957.2340759950578
Francisco Herrera Lorenzo,4,5,10,0.24303232998885171,0.2630992196209587,1117.0
Juan Eduardo Esnáider Belén,5,7,10,0.2595421947930983,0.36410889843003386,1104.6480551980121
Constantin Gâlcă,4,6,10,0.2407388542616235,0.33329481604102756,1095.3326819882432
Juan Merino Ruíz,4,7,10,0.23360293660422618,0.35250565311060056,1085.1375598384675
José Ramón Sandoval Huertas,4,6,10,0.2273772290601244,0.33334827882363244,1038.0378024886106
"Ricardo Miguel Moreira da Costa, José Manuel González López",5,6,10,0.2646341463414634,0.3280487804878049,983.0
"Carlos Gurpegi Nausia, Ernesto Valverde Tejedor",4,5,10,0.218609865470852,0.2858744394618834,1130.0
José Manuel González López,4,6,10,0.22915332044166484,0.3306319433454446,1080.0106342499796
Pablo Franco Martín,4,8,10,0.22694394213381555,0.4077757685352622,943.9999999999999
Cosmin Marius Contra,5,5,10,0.25163989805605824,0.2766943792558746,1104.2411250537814
José Antonio Romero Morilla,5,5,10,0.26192703461178674,0.28811973807296537,945.0
David Moyes,5,6,10,0.2551501322258412,0.3166019592776329,1047.500652657789
Abel Resino Gómez,5,7,10,0.2718679165069765,0.3640985971793455,999.5654206442238
Victor Fernández Braulio,5,6,10,0.2517234269892361,0.32244485142237383,995.0159582453446
Nuno Herlander Simões Espírito Santo,4,6,10,0.24296209516921877,0.312190462327177,1048.0907950476394
Miroslav Đukić,4,6,10,0.23968010045423085,0.34012964732487255,1027.5927737106576
Francisco Javier Rodríguez Vílchez,5,6,10,0.25626444441412444,0.31911351184496883,1011.6365399479145
Bernd Schuster,4,6,10,0.24267254729942356,0.30478249085275566,1092.856549398529
Juan Ignacio Martínez Jiménez,5,5,10,0.2517548750578572,0.28754610081320886,1063.7467344876186
Francesc Vilanova i Bayo,4,5,10,0.21146019812286512,0.28518563970031796,1154.3047975163818
Manuel Enrique Jiménez Jiménez,4,6,10,0.22840531397874234,0.30642018454250175,1016.8691097268372
Philippe Jacques William Montanier,4,6,10,0.23657205956641542,0.30413253607384705,967.2684424401452
Gregorio Manzano Ballesteros,5,5,10,0.2558438589984407,0.2747466497780833,1063.4565603972653
Luis García Plaza,4,5,10,0.24610345110627804,0.2728525119165156,947.7408213283903
Manuel Preciado Rebolledo,4,6,10,0.2448781815473397,0.3184348957008014,1081.3810738888283
Juan Carlos Garrido Fernández,4,6,10,0.24169262728305996,0.31970089659068346,1082.7590757032667
Fabriciano González Penelas,4,5,10,0.24315068493150688,0.2868150684931507,904.0
José Francisco Molina Jiménez ,4,6,10,0.24759152215799615,0.32947976878612717,1239.0
José Antonio Camacho Alfaro,4,6,10,0.24086969925351176,0.3022676653254754,1162.3064079717567
Miguel Ángel Portugal Vicario,4,6,10,0.24685365968038878,0.31164657715759264,1061.2403214539063
Esteban Vigo Benítez,4,6,10,0.24528847176653654,0.34266457576067494,1093.586655563927
Martín Lasarte Arrospide,4,6,10,0.21634950574378736,0.33574050303003045,902.1325422643307
Michael Laudrup,4,5,10,0.2358916410082497,0.29579965148825377,1055.1157171616267
Miguel Ángel Lotina Oruecheberría,4,6,10,0.24793069163084033,0.3352842744929967,1073.0250766724616
José Aurelio Gay López,4,6,10,0.24094633690937575,0.3385403320872669,1113.6496589919054
Juan Manuel Lillo Díez,4,6,10,0.24875846344704663,0.349097406884096,977.1235698786171
José Luis Oltra Castañer,5,5,10,0.2503037746894167,0.28317432808548,1072.1454646132267
Antonio Álvarez,5,6,10,0.27514792899408286,0.3244575936883629,994.0
Javier Clemente Lazaro,4,6,10,0.23946764327505485,0.3376946356664605,1068.1810821241008
Néstor Raúl Gorosito,4,6,10,0.22048066875653083,0.3103448275862069,1055.0
Juan Carlos Mandiá Lorenzo,4,6,10,0.22898032200357782,0.30500894454382826,946.9999999999999
Juan de la Cruz Ramos Cano,5,5,10,0.2589247904193701,0.278777923580026,1129.4614682238648
Sergije Krešić Juric,5,5,10,0.26422261111423767,0.2953616539707079,1010.4520268309699
Bartolomé Márquez López,5,6,10,0.27236315086782376,0.308411214953271,1078.0
Antonio Tapia Flores,4,5,10,0.24089003644206644,0.26916177413473336,1153.6199640915816
Víctor Muñoz Manrique,5,6,10,0.25808525932697834,0.3051923779177879,1102.7411238198786
Francisco Chaparro Jara,5,5,10,0.2725812085104348,0.28574441345762125,1134.0506122874103
Frank Rijkaard,5,5,10,0.26254776118010514,0.29643842727391856,1141.1523146517893
Giovanni De Biasi,5,5,10,0.2554945054945055,0.29395604395604397,1079.0
Javier Iruretagoyena Amiano,5,5,10,0.26977248104008666,0.2903575297941495,1186.0
Manuel Zambrano Díaz,5,5,10,0.2537634408602151,0.2913978494623656,1180.0
Francisco Flores Lajusticia,5,6,10,0.27346938775510204,0.3326530612244898,944.0
Fernando Vázquez Pena,4,6,10,0.23231249972746462,0.30148644332405133,1196.8950561854385
Fabio Capello,5,5,10,0.2702258972704141,0.2616512227615434,1147.0601118731042
Félix Ángel Sarriugarte Montoya,5,5,10,0.2712215320910973,0.28778467908902694,1003.9999999999999
Víctor Rodolfo Espárrago Videla,4,5,10,0.22325581395348837,0.25,1324.0
Vanderlei Luxemburgo da Silva,5,5,10,0.2703862660944206,0.29506437768240346,1208.0
Martín Monteagudo Monteagudo,4,5,10,0.24661810613943808,0.2684703433922997,1118.0
Christophe Galtier,4,7,10,0.22671227333273178,0.3507685673416227,936.3728304719848
Pascal Gastien,4,6,10,0.21517915568799906,0.33571040101851884,870.8751209340667
Olivier Pantaloni,4,7,10,0.23055718710481915,0.3831459130177197,895.9645429483046
Laurent Blanc,4,7,10,0.2070577388444273,0.37029505536559904,1141.3612491997412
Bruno Génésio,4,7,10,0.23739188039223882,0.36053618842879537,907.4023574910856
Eric Roy,5,6,10,0.2563619227144204,0.3421300659754949,980.0
Igor Tudor,5,7,10,0.2506474348462528,0.3822432499586413,1024.2076161066368
Paulo Alexandre Rodrigues Fonseca,4,6,10,0.225177644873159,0.343375830334685,1004.8750823045493
William Still,5,7,10,0.26177174780526735,0.37270550678371905,967.0
Abdelaziz Bouhazama,4,6,10,0.22076923076923077,0.31153846153846154,835.0
Christophe Pélissier,4,7,10,0.22395460930341518,0.3575061454441706,883.7729547453824
Philippe Clement,4,7,10,0.22445255474452555,0.3677007299270073,999.0
Olivier Dall’Oglio,4,7,10,0.23145235895448407,0.3750912526735937,996.0439406881726
Frédéric Antonetti,4,6,10,0.23085549447458575,0.3479918674224564,834.741946418888
Régis Le Bris,4,6,10,0.21735395189003437,0.3384879725085911,997.0
Alexandre Dujeux,4,7,10,0.21735905044510387,0.35756676557863504,873.0
Franck Haise,4,6,10,0.22300089188875633,0.3345778753433131,875.42283492459
Didier Digard,4,8,10,0.22807017543859648,0.40277777777777785,888.0
Antoine Kombouare,4,6,10,0.22517471533445796,0.33409682846054894,967.505615720057
Romain Pitau,4,6,10,0.22784810126582278,0.337251356238698,926.0
Bruno Irles,4,7,10,0.24234105243689877,0.3616528191903808,1000.4009589481067
Lucien Favre,4,7,10,0.2100082034454471,0.3634126333059885,881.9999999999999
Peter Bosz,4,7,10,0.22928478389423174,0.35920783374359727,976.7055281028075
Michel Der Zakarian,4,6,10,0.21567162889677374,0.3224307042850583,1057.6835482802144
Julien Stéphan,5,7,10,0.25,0.3781138790035587,912.0
Jocelyn Gourvennec,4,7,10,0.24404992478621357,0.3642634307427557,985.4139095335146
David Guion,4,6,10,0.24763772972617695,0.3159325425931573,1126.5264800230955
Claude Puel,4,6,10,0.23788432776979243,0.3443684782292573,958.5071097839533
Pascal Dupraz,4,7,10,0.24307379177218882,0.36874340376995013,1034.768778825238
Mohamed Bradja,5,6,10,0.2710562866348023,0.338707571586074,1215.4055039850475
Franck Passi,5,6,10,0.2755468388138606,0.3259605778920559,1172.099748529628
José Leonardo Nunes Alves Sousa Jardim,5,6,10,0.2558815012916796,0.3494622927927244,1182.0576427848075
Patrice Garande,5,6,10,0.2519084520316027,0.32954213378256925,1173.9331317149968
Willy Sagnol,4,7,10,0.23523220873884357,0.39661475673927543,928.4817739996066
Sylvain Ripoll,4,7,10,0.24824721311100698,0.3519340620093634,1144.7473033914891
François Ciccolini,4,6,10,0.2308445386233397,0.3198800570400569,1118.0703342968613
Rolland Courbis,4,7,10,0.24394019625738192,0.35163619707557014,1115.478855740135
Thierry Laurey,4,7,10,0.2490930201393016,0.3726793140715916,1166.9896550577068
Hubert Fournier,5,6,10,0.2654895097006274,0.34224988193937145,1137.9373091277344
Jean-Marc Furlan,4,7,10,0.2324902723735409,0.39299610894941633,970.0
Ghislain Printant,4,6,10,0.24746735742054002,0.3481812677625708,1066.4828317023118
Olivier Guégan,4,6,10,0.22974261201143947,0.3145853193517636,1129.0
Stéphane Moulin,4,6,10,0.24071357390820544,0.3253661872825226,1115.838109915134
Frédéric Hantz,4,6,10,0.23976359623235904,0.31899279862648,1109.453452744549
Terry Dunfield,4,6,10,0.23588039867109636,0.3064784053156146,910.9999999999999
Pat Noonan,4,5,10,0.24097664543524414,0.28556263269639065,977.0
Troy Lesesne,4,6,10,0.21775025799793601,0.34881320949432404,936.0
Steven Cherundolo,5,6,10,0.25749167591564925,0.33518312985571586,1069.0
Christian Lattanzio,3,6,10,0.1988527724665392,0.3298279158699809,998.0000000000001
Gary Smith,4,5,10,0.2497704315886134,0.29660238751147844,880.0
Arsène Wenger,4,6,10,0.2431003521853809,0.3355818494596035,982.3019588103764
Rémi Garde,5,6,10,0.2658610170510525,0.3407297240531074,1079.7911541705296
Garry Monk,4,6,10,0.24165933551806998,0.3309075407718391,1013.8061393273115
Sam Allardyce,4,5,10,0.2412282267715963,0.29628124686807383,1040.525935262939
Brendan Rodgers,4,5,10,0.24234234234234237,0.2882882882882883,1177.0
Claudio Ranieri,4,6,10,0.24320337988022353,0.3361003085790863,1094.438281209169
Eddie Howe,4,7,10,0.22629354616799824,0.3687804797355106,1055.6856263938635
Tony Pulis,4,5,10,0.20429593791401104,0.29620424015945257,1094.1277794143243
Steve McClaren,5,6,10,0.2660783745349234,0.3234792294339452,1085.0442130119166
Alan Pardew,4,6,10,0.23815980727482466,0.3168024658521438,1106.2812440111538
Eric Black,4,7,10,0.24485981308411214,0.3514018691588785,973.0
Alex Neil,4,6,10,0.2204788961276804,0.3275966495137016,1073.4843881929853
Guus Hiddink,4,7,10,0.24369747899159663,0.37815126050420167,1203.0
Mark Hughes,4,6,10,0.24024999044949127,0.31996702616474393,1077.563355385698
Slaven Bilić,5,6,10,0.25055187637969095,0.33112582781456956,1094.0
Dick Advocaat,4,6,10,0.2358771060455897,0.33597621407333994,1095.0
David Pleat,4,6,10,0.24444936304293285,0.3163940362185047,1135.7959230716147
Kevin Joseph Keegan,5,5,10,0.252877219170678,0.295715520918654,1195.4967827374678
Chris Coleman,5,6,10,0.25199815745258636,0.33504067415814376,1311.2662264929172
Dave Jones,4,6,10,0.240929408193149,0.32072925410798925,1167.2046738068098
Harry Redknapp,5,6,10,0.25326794334349756,0.31997427076583623,1225.2654819981428
Micky Adams,4,5,10,0.2483301815123269,0.29708297797440913,1070.9688107156892
Alan Curbishley,4,6,10,0.22862030046849763,0.3238211931023414,1225.4634657305378
Peter Reid,4,6,10,0.23566214807090716,0.34410844629822734,1215.0
Graeme Souness,5,6,10,0.25174885954351667,0.3301209678103104,1259.1235701635997
David O''Leary,5,5,10,0.25114552609781443,0.2791230020671159,1232.9999999999998
Steve Bruce,4,6,10,0.23194180356822675,0.3232367770801414,1116.8668867535414
Gordon Strachan,4,6,10,0.23894278380208228,0.3095708055009512,1222.2139402793612
Eddie Gray,4,6,10,0.24085365853658536,0.32926829268292684,1104.0
Andrea Mandorlini,4,6,10,0.2416666757160575,0.3251694202921454,1098.5014754814706
Roberto Donadoni,4,6,10,0.2435574887834019,0.3379459546725833,1176.898767728407
Stefano Pioli,4,6,10,0.24898782576496,0.3378121030371386,1200.005829749384
Stefano Colantuono,4,6,10,0.24577020105996164,0.3490296063456288,1097.531152561886
Roberto Mancini,4,7,10,0.23385146865622972,0.3537384073621817,1091.732690921441
Giuseppe Sannino,4,6,10,0.20721769499417927,0.3084982537834691,1086.0
Rolando Maran,4,6,10,0.24147080320587558,0.3218250578800493,1102.9567623913745
Fabrizio Castori,5,7,10,0.26393629124004553,0.35267349260523323,1258.0
Gian Piero Gasperini,4,7,10,0.2487695798199092,0.3659058268859133,1187.8296689512936
"Rafael Márquez Álvarez, Andrea Mandorlini",5,5,10,0.2648709315375982,0.2547699214365881,1038.0
Rudi Garcia,4,6,10,0.24652592063964546,0.3277908476097087,1116.2949504606418
Davide Ballardini,4,5,10,0.2420591456736035,0.2913472070098576,1094.0
Edoardo Reja,4,6,10,0.23538556548427747,0.3456837148719284,1145.1873226010675
Luigi De Canio,5,7,10,0.2545752577987681,0.35287900337700523,1010.707438860453
Roberto Stellone,4,6,10,0.24563390266579782,0.31267692192347596,1095.996110662288
Gian Piero Ventura	,5,6,10,0.25224245205674134,0.3166232631803331,1078.8032048732969
Maurizio Sarri,4,6,10,0.24346634889122237,0.34172223112102185,1140.5134282727659
Simone Inzaghi,4,6,10,0.24541346940652548,0.32948076457611025,1074.7294216181442
Marco Giampaolo,4,6,10,0.23753160843766774,0.326081259928083,1093.3854608420104
Paulo Manuel Carvalho de Sousa,4,8,10,0.23539710849113418,0.4218725579306009,1004.2883303325564
Eusebio Di Francesco,5,6,10,0.2515215862162736,0.31986947561485873,1233.2777997877067
Siniša Mihajlović,5,6,10,0.2548994062487614,0.34550618133397365,1162.8481346664653
Luigi Delneri,4,6,10,0.23886639676113358,0.30870445344129555,1295.0
Giuseppe Iachini,5,7,10,0.2626192636711446,0.3724215416238629,1090.2435308610436
Delio Rossi,5,7,10,0.2523020257826888,0.3848987108655617,1052.0
Rino Marchesi,5,5,10,0.2962962962962963,0.26587301587301587,1291.0
Ottavio Bianchi,5,5,10,0.2962962962962963,0.26587301587301587,1291.0
Ivan Hašek,4,7,10,0.2139384129775095,0.3618250153827161,939.7089788407501
Marco Rossi,4,8,10,0.2352943903025382,0.4032714404773698,919.7384617911763
Matjaž Kek,4,7,10,0.2214088319347552,0.37266954382448086,929.9616134970079
Luciano Spalletti,4,6,10,0.20753616299119582,0.3349726519444693,853.4786251607563
Luis de la Fuente Castillo,4,7,10,0.23694598007631354,0.3548955248289332,951.2254692631649
Michał Probierz,4,7,10,0.23992667037050247,0.368383131359566,970.5016782544008
Ralf Rangnick,4,6,10,0.23444706568570745,0.33449817827324857,999.5425362686143
Edward Iordănescu,4,5,10,0.22022138109622386,0.28907119925423425,885.0854942131887
Sergiy Rebrov,4,6,10,0.22989143553049388,0.3075617925196727,878.7336588035023
Francesco Calzona,4,6,10,0.22945469557580347,0.304122026060991,1007.7781938537631
Domenico Tedesco,4,7,10,0.2310224332645179,0.35103943637927815,856.2933765539781
Julian Nagelsmann,5,6,10,0.25456562988071946,0.33747132272267705,1022.9040152201462
Steve Clarke,4,7,10,0.2216574787754715,0.3902909856883305,941.6618171941935
Sylvio Mendes Campos Junior,4,7,10,0.24105461393596986,0.3832391713747646,922.0
Andrii Shevchenko,4,7,10,0.2178484844816907,0.37026084224542544,926.4079683651406
Igor Angelovski,4,6,10,0.2470143072553815,0.32282951869955206,1017.770190875481
Şenol Güneş,4,6,10,0.24525181058412393,0.34371193269954853,1031.5851202517401
Štefan Tarkovič,4,6,10,0.2420091324200913,0.31598173515981737,869.0
Jaroslav Šilhavý,4,7,10,0.2289001969126002,0.35867814111181906,957.6424196479662
Frank de Boer,4,7,10,0.22722939741648257,0.35292902359755035,950.7282360047691
Franco Foda,4,6,10,0.2451143217760392,0.3432235944475471,1195.8058069988817
Markku Kanerva,4,8,10,0.24605551249472588,0.4065650342016561,985.0131286616727
